REFERENCE,CURRENCY,INDEX,CURVENAME,DAYS,ZERORATE,Date,DF
1-Mar-21,EUR,ESTR,EUR_ESTR,1,-0.0057387,3/2/2021,1.000015723
1-Mar-21,EUR,ESTR,EUR_ESTR,2,-0.0057363,3/3/2021,1.000031432
1-Mar-21,EUR,ESTR,EUR_ESTR,3,-0.005734,3/4/2021,1.00004713
1-Mar-21,EUR,ESTR,EUR_ESTR,4,-0.0057318,3/5/2021,1.000062816
1-Mar-21,EUR,ESTR,EUR_ESTR,7,-0.0057258,3/8/2021,1.000109816
1-Mar-21,EUR,ESTR,EUR_ESTR,16,-0.0057211,3/17/2021,1.000250819
1-Mar-21,EUR,ESTR,EUR_ESTR,23,-0.00573,3/24/2021,1.000361134
1-Mar-21,EUR,ESTR,EUR_ESTR,36,-0.0057302,4/6/2021,1.00056533
1-Mar-21,EUR,ESTR,EUR_ESTR,63,-0.0057412,5/3/2021,1.000991438
1-Mar-21,EUR,ESTR,EUR_ESTR,94,-0.0057526,6/3/2021,1.001482589
1-Mar-21,EUR,ESTR,EUR_ESTR,126,-0.0057741,7/5/2021,1.001995239
1-Mar-21,EUR,ESTR,EUR_ESTR,155,-0.0057855,8/3/2021,1.002459877
1-Mar-21,EUR,ESTR,EUR_ESTR,186,-0.0057971,9/3/2021,1.002958506
1-Mar-21,EUR,ESTR,EUR_ESTR,217,-0.0058087,10/4/2021,1.003459361
1-Mar-21,EUR,ESTR,EUR_ESTR,247,-0.0058203,11/3/2021,1.003946436
1-Mar-21,EUR,ESTR,EUR_ESTR,277,-0.0058318,12/3/2021,1.004435585
1-Mar-21,EUR,ESTR,EUR_ESTR,308,-0.0058333,1/3/2022,1.004934481
1-Mar-21,EUR,ESTR,EUR_ESTR,339,-0.005845,2/3/2022,1.005443406
1-Mar-21,EUR,ESTR,EUR_ESTR,367,-0.0058463,3/3/2022,1.005895646
1-Mar-21,EUR,ESTR,EUR_ESTR,459,-0.0058641,6/3/2022,1.007401564
1-Mar-21,EUR,ESTR,EUR_ESTR,553,-0.0058842,9/5/2022,1.008954823
1-Mar-21,EUR,ESTR,EUR_ESTR,644,-0.0059157,12/5/2022,1.010492225
1-Mar-21,EUR,ESTR,EUR_ESTR,732,-0.0059075,3/3/2023,1.011917828
1-Mar-21,EUR,ESTR,EUR_ESTR,1099,-0.0057053,3/4/2024,1.017326821
1-Mar-21,EUR,ESTR,EUR_ESTR,1463,-0.0053413,3/3/2025,1.02163992
1-Mar-21,EUR,ESTR,EUR_ESTR,1828,-0.0048462,3/3/2026,1.024567766
1-Mar-21,EUR,ESTR,EUR_ESTR,2193,-0.0042399,3/3/2027,1.02580149
1-Mar-21,EUR,ESTR,EUR_ESTR,2559,-0.0036127,3/3/2028,1.025651983
1-Mar-21,EUR,ESTR,EUR_ESTR,2926,-0.0029845,3/5/2029,1.024213561
1-Mar-21,EUR,ESTR,EUR_ESTR,3290,-0.002355,3/4/2030,1.021454161
1-Mar-21,EUR,ESTR,EUR_ESTR,3654,-0.0017239,3/3/2031,1.01740767
1-Mar-21,EUR,ESTR,EUR_ESTR,4020,-0.0011316,3/3/2032,1.012541089
1-Mar-21,EUR,ESTR,EUR_ESTR,4385,-0.00057825,3/3/2033,1.006971107
1-Mar-21,EUR,ESTR,EUR_ESTR,4750,-5.68E-05,3/3/2034,1.000738983
1-Mar-21,EUR,ESTR,EUR_ESTR,5117,0.00042243,3/5/2035,0.99409538
1-Mar-21,EUR,ESTR,EUR_ESTR,5481,0.0008142,3/3/2036,0.987848054
1-Mar-21,EUR,ESTR,EUR_ESTR,5846,0.0011306,3/3/2037,0.982054783
1-Mar-21,EUR,ESTR,EUR_ESTR,6211,0.0014041,3/3/2038,0.976390392
1-Mar-21,EUR,ESTR,EUR_ESTR,6576,0.0016357,3/3/2039,0.970960503
1-Mar-21,EUR,ESTR,EUR_ESTR,6944,0.0018279,3/5/2040,0.965822536
1-Mar-21,EUR,ESTR,EUR_ESTR,7308,0.0019784,3/4/2041,0.961162911
1-Mar-21,EUR,ESTR,EUR_ESTR,7672,0.0020912,3/3/2042,0.956996729
1-Mar-21,EUR,ESTR,EUR_ESTR,8037,0.0021706,3/3/2043,0.953329364
1-Mar-21,EUR,ESTR,EUR_ESTR,8403,0.0022211,3/3/2044,0.950151359
1-Mar-21,EUR,ESTR,EUR_ESTR,8768,0.0022473,3/3/2045,0.947446834
1-Mar-21,EUR,ESTR,EUR_ESTR,9135,0.002254,3/5/2046,0.945149887
1-Mar-21,EUR,ESTR,EUR_ESTR,9499,0.0022457,3/4/2047,0.943231462
1-Mar-21,EUR,ESTR,EUR_ESTR,9864,0.002226,3/3/2048,0.941616794
1-Mar-21,EUR,ESTR,EUR_ESTR,10229,0.002198,3/3/2049,0.94026061
1-Mar-21,EUR,ESTR,EUR_ESTR,10594,0.0021649,3/3/2050,0.93909796
1-Mar-21,EUR,ESTR,EUR_ESTR,10959,0.0021298,3/3/2051,0.938055169
1-Mar-21,EUR,ESTR,EUR_ESTR,11326,0.0020947,3/4/2052,0.937068562
1-Mar-21,EUR,ESTR,EUR_ESTR,11690,0.0020602,3/3/2053,0.936146925
1-Mar-21,EUR,ESTR,EUR_ESTR,12055,0.0020259,3/3/2054,0.935279182
1-Mar-21,EUR,ESTR,EUR_ESTR,12420,0.001992,3/3/2055,0.934463627
1-Mar-21,EUR,ESTR,EUR_ESTR,12786,0.0019583,3/3/2056,0.933700536
1-Mar-21,EUR,ESTR,EUR_ESTR,13153,0.0019248,3/5/2057,0.932989479
1-Mar-21,EUR,ESTR,EUR_ESTR,13517,0.0018919,3/4/2058,0.932335548
1-Mar-21,EUR,ESTR,EUR_ESTR,13881,0.0018593,3/3/2059,0.931732583
1-Mar-21,EUR,ESTR,EUR_ESTR,14247,0.0018269,3/3/2060,0.931173964
1-Mar-21,EUR,ESTR,EUR_ESTR,14612,0.0017949,3/3/2061,0.930665823
1-Mar-21,EUR,ESTR,EUR_ESTR,14977,0.0017633,3/3/2062,0.930202224
1-Mar-21,EUR,ESTR,EUR_ESTR,15344,0.0017318,3/5/2063,0.929784886
1-Mar-21,EUR,ESTR,EUR_ESTR,15708,0.0017008,3/3/2064,0.929419597
1-Mar-21,EUR,ESTR,EUR_ESTR,16073,0.00167,3/3/2065,0.929099465
1-Mar-21,EUR,ESTR,EUR_ESTR,16438,0.0016394,3/3/2066,0.928828291
1-Mar-21,EUR,ESTR,EUR_ESTR,16803,0.0016089,3/3/2067,0.92860975
1-Mar-21,EUR,ESTR,EUR_ESTR,17171,0.0015784,3/5/2068,0.92843585
1-Mar-21,EUR,ESTR,EUR_ESTR,17535,0.0015483,3/4/2069,0.928316982
1-Mar-21,EUR,ESTR,EUR_ESTR,17899,0.0015182,3/3/2070,0.928253856
1-Mar-21,EUR,ESTR,EUR_ESTR,18264,0.0014881,3/3/2071,0.928242674
1-Mar-21,EUR,EUCSA,EUR_EUCSA,1,-0.0048769,3/2/2021,1.000013361
1-Mar-21,EUR,EUCSA,EUR_EUCSA,2,-0.0048745,3/3/2021,1.00002671
1-Mar-21,EUR,EUCSA,EUR_EUCSA,3,-0.0048722,3/4/2021,1.000040046
1-Mar-21,EUR,EUCSA,EUR_EUCSA,4,-0.00487,3/5/2021,1.000053371
1-Mar-21,EUR,EUCSA,EUR_EUCSA,7,-0.004864,3/8/2021,1.000093287
1-Mar-21,EUR,EUCSA,EUR_EUCSA,16,-0.0048593,3/17/2021,1.000213033
1-Mar-21,EUR,EUCSA,EUR_EUCSA,23,-0.0048682,3/24/2021,1.00030681
1-Mar-21,EUR,EUCSA,EUR_EUCSA,35,-0.0048684,4/5/2021,1.000466942
1-Mar-21,EUR,EUCSA,EUR_EUCSA,63,-0.0048794,5/3/2021,1.000842553
1-Mar-21,EUR,EUCSA,EUR_EUCSA,94,-0.0048908,6/3/2021,1.001260342
1-Mar-21,EUR,EUCSA,EUR_EUCSA,126,-0.0049123,7/5/2021,1.001697191
1-Mar-21,EUR,EUCSA,EUR_EUCSA,155,-0.0049237,8/3/2021,1.002093074
1-Mar-21,EUR,EUCSA,EUR_EUCSA,186,-0.0049353,9/3/2021,1.00251814
1-Mar-21,EUR,EUCSA,EUR_EUCSA,217,-0.0049469,10/4/2021,1.002945363
1-Mar-21,EUR,EUCSA,EUR_EUCSA,247,-0.0049584,11/3/2021,1.003361046
1-Mar-21,EUR,EUCSA,EUR_EUCSA,277,-0.00497,12/3/2021,1.003778875
1-Mar-21,EUR,EUCSA,EUR_EUCSA,308,-0.0049715,1/3/2022,1.004203941
1-Mar-21,EUR,EUCSA,EUR_EUCSA,339,-0.0049832,2/3/2022,1.004638959
1-Mar-21,EUR,EUCSA,EUR_EUCSA,367,-0.0049845,3/3/2022,1.005024392
1-Mar-21,EUR,EUCSA,EUR_EUCSA,459,-0.0050023,6/3/2022,1.006310391
1-Mar-21,EUR,EUCSA,EUR_EUCSA,553,-0.0050223,9/5/2022,1.007638151
1-Mar-21,EUR,EUCSA,EUR_EUCSA,644,-0.0050539,12/5/2022,1.008956893
1-Mar-21,EUR,EUCSA,EUR_EUCSA,732,-0.0050457,3/3/2023,1.010170418
1-Mar-21,EUR,EUCSA,EUR_EUCSA,1099,-0.0048435,3/4/2024,1.014690439
1-Mar-21,EUR,EUCSA,EUR_EUCSA,1463,-0.0044795,3/3/2025,1.018116975
1-Mar-21,EUR,EUCSA,EUR_EUCSA,1828,-0.0039844,3/3/2026,1.020155175
1-Mar-21,EUR,EUCSA,EUR_EUCSA,2193,-0.0033781,3/3/2027,1.020503737
1-Mar-21,EUR,EUCSA,EUR_EUCSA,2559,-0.0027509,3/3/2028,1.019473632
1-Mar-21,EUR,EUCSA,EUR_EUCSA,2926,-0.0021227,3/5/2029,1.017162099
1-Mar-21,EUR,EUCSA,EUR_EUCSA,3290,-0.0014932,3/4/2030,1.013550238
1-Mar-21,EUR,EUCSA,EUR_EUCSA,3654,-0.00086208,3/3/2031,1.008667595
1-Mar-21,EUR,EUCSA,EUR_EUCSA,4020,-0.00026976,3/3/2032,1.002975473
1-Mar-21,EUR,EUCSA,EUR_EUCSA,4385,0.00028356,3/3/2033,0.996599192
1-Mar-21,EUR,EUCSA,EUR_EUCSA,4750,0.00080504,3/3/2034,0.98957814
1-Mar-21,EUR,EUCSA,EUR_EUCSA,5117,0.0012842,3/5/2035,0.982157665
1-Mar-21,EUR,EUCSA,EUR_EUCSA,5481,0.001676,3/3/2036,0.975146512
1-Mar-21,EUR,EUCSA,EUR_EUCSA,5846,0.0019924,3/3/2037,0.968592636
1-Mar-21,EUR,EUCSA,EUR_EUCSA,6211,0.0022659,3/3/2038,0.962176332
1-Mar-21,EUR,EUCSA,EUR_EUCSA,6576,0.0024975,3/3/2039,0.956001253
1-Mar-21,EUR,EUCSA,EUR_EUCSA,6944,0.0026897,3/5/2040,0.950116547
1-Mar-21,EUR,EUCSA,EUR_EUCSA,7308,0.0028402,3/4/2041,0.944720416
1-Mar-21,EUR,EUCSA,EUR_EUCSA,7672,0.002953,3/3/2042,0.939817442
1-Mar-21,EUR,EUCSA,EUR_EUCSA,8037,0.0030324,3/3/2043,0.935409427
1-Mar-21,EUR,EUCSA,EUR_EUCSA,8403,0.0030829,3/3/2044,0.931485859
1-Mar-21,EUR,EUCSA,EUR_EUCSA,8768,0.0031091,3/3/2045,0.928034338
1-Mar-21,EUR,EUCSA,EUR_EUCSA,9135,0.0031158,3/5/2046,0.924982589
1-Mar-21,EUR,EUCSA,EUR_EUCSA,9499,0.0031075,3/4/2047,0.922312087
1-Mar-21,EUR,EUCSA,EUR_EUCSA,9864,0.0030878,3/3/2048,0.919940084
1-Mar-21,EUR,EUCSA,EUR_EUCSA,10229,0.0030598,3/3/2049,0.917823799
1-Mar-21,EUR,EUCSA,EUR_EUCSA,10594,0.0030267,3/3/2050,0.91589923
1-Mar-21,EUR,EUCSA,EUR_EUCSA,10959,0.0029916,3/3/2051,0.914094094
1-Mar-21,EUR,EUCSA,EUR_EUCSA,11326,0.0029565,3/4/2052,0.91234178
1-Mar-21,EUR,EUCSA,EUR_EUCSA,11690,0.002922,3/3/2053,0.910661469
1-Mar-21,EUR,EUCSA,EUR_EUCSA,12055,0.0028877,3/3/2054,0.909033606
1-Mar-21,EUR,EUCSA,EUR_EUCSA,12420,0.0028538,3/3/2055,0.907458552
1-Mar-21,EUR,EUCSA,EUR_EUCSA,12786,0.0028201,3/3/2056,0.905934303
1-Mar-21,EUR,EUCSA,EUR_EUCSA,13153,0.0027866,3/5/2057,0.904460316
1-Mar-21,EUR,EUCSA,EUR_EUCSA,13517,0.0027537,3/4/2058,0.903049931
1-Mar-21,EUR,EUCSA,EUR_EUCSA,13881,0.0027211,3/3/2059,0.901690625
1-Mar-21,EUR,EUCSA,EUR_EUCSA,14247,0.0026887,3/3/2060,0.900371615
1-Mar-21,EUR,EUCSA,EUR_EUCSA,14612,0.0026567,3/3/2061,0.8991051
1-Mar-21,EUR,EUCSA,EUR_EUCSA,14977,0.0026251,3/3/2062,0.897883093
1-Mar-21,EUR,EUCSA,EUR_EUCSA,15344,0.0025936,3/5/2063,0.896702906
1-Mar-21,EUR,EUCSA,EUR_EUCSA,15708,0.0025626,3/3/2064,0.895580587
1-Mar-21,EUR,EUCSA,EUR_EUCSA,16073,0.0025318,3/3/2065,0.894500897
1-Mar-21,EUR,EUCSA,EUR_EUCSA,16438,0.0025012,3/3/2066,0.893469497
1-Mar-21,EUR,EUCSA,EUR_EUCSA,16803,0.0024707,3/3/2067,0.892489797
1-Mar-21,EUR,EUCSA,EUR_EUCSA,17171,0.0024402,3/5/2068,0.891547673
1-Mar-21,EUR,EUCSA,EUR_EUCSA,17535,0.0024101,3/4/2069,0.890667725
1-Mar-21,EUR,EUCSA,EUR_EUCSA,17899,0.00238,3/3/2070,0.889842064
1-Mar-21,EUR,EUCSA,EUR_EUCSA,18264,0.0023499,3/3/2071,0.88906482
1-Mar-21,EUR,EUR6M,EUR_EUR6M,1,-0.0051573,3/2/2021,1.00001413
1-Mar-21,EUR,EUR6M,EUR_EUR6M,2,-0.0051573,3/3/2021,1.00002826
1-Mar-21,EUR,EUR6M,EUR_EUR6M,3,-0.0051573,3/4/2021,1.00004239
1-Mar-21,EUR,EUR6M,EUR_EUR6M,4,-0.0051573,3/5/2021,1.00005652
1-Mar-21,EUR,EUR6M,EUR_EUR6M,7,-0.0051573,3/8/2021,1.000098912
1-Mar-21,EUR,EUR6M,EUR_EUR6M,16,-0.0051573,3/17/2021,1.000226099
1-Mar-21,EUR,EUR6M,EUR_EUR6M,23,-0.0051573,3/24/2021,1.000325033
1-Mar-21,EUR,EUR6M,EUR_EUR6M,36,-0.0051573,4/6/2021,1.000508795
1-Mar-21,EUR,EUR6M,EUR_EUR6M,63,-0.0051573,5/3/2021,1.00089056
1-Mar-21,EUR,EUR6M,EUR_EUR6M,94,-0.0051573,6/3/2021,1.001329064
1-Mar-21,EUR,EUR6M,EUR_EUR6M,126,-0.0051573,7/5/2021,1.001781914
1-Mar-21,EUR,EUR6M,EUR_EUR6M,155,-0.0051573,8/3/2021,1.002192486
1-Mar-21,EUR,EUR6M,EUR_EUR6M,186,-0.0051573,9/3/2021,1.00263156
1-Mar-21,EUR,EUR6M,EUR_EUR6M,217,-0.0051393,10/4/2021,1.003060092
1-Mar-21,EUR,EUR6M,EUR_EUR6M,247,-0.0051195,11/3/2021,1.003470437
1-Mar-21,EUR,EUR6M,EUR_EUR6M,277,-0.0051006,12/3/2021,1.003878368
1-Mar-21,EUR,EUR6M,EUR_EUR6M,308,-0.0050802,1/3/2022,1.004296055
1-Mar-21,EUR,EUR6M,EUR_EUR6M,339,-0.0050629,2/3/2022,1.004713328
1-Mar-21,EUR,EUR6M,EUR_EUR6M,367,-0.0050468,3/3/2022,1.005087351
1-Mar-21,EUR,EUR6M,EUR_EUR6M,459,-0.0049986,6/3/2022,1.006305708
1-Mar-21,EUR,EUR6M,EUR_EUR6M,553,-0.0049583,9/5/2022,1.007540451
1-Mar-21,EUR,EUR6M,EUR_EUR6M,644,-0.0049233,12/5/2022,1.008724427
1-Mar-21,EUR,EUR6M,EUR_EUR6M,732,-0.0048745,3/3/2023,1.009823648
1-Mar-21,EUR,EUR6M,EUR_EUR6M,1099,-0.0045326,3/4/2024,1.013741024
1-Mar-21,EUR,EUR6M,EUR_EUR6M,1463,-0.0040311,3/3/2025,1.016288771
1-Mar-21,EUR,EUR6M,EUR_EUR6M,1828,-0.0034346,3/3/2026,1.017350023
1-Mar-21,EUR,EUR6M,EUR_EUR6M,2193,-0.0027876,3/3/2027,1.016889554
1-Mar-21,EUR,EUR6M,EUR_EUR6M,2559,-0.0021367,3/3/2028,1.015093083
1-Mar-21,EUR,EUR6M,EUR_EUR6M,2926,-0.0014793,3/5/2029,1.011929311
1-Mar-21,EUR,EUR6M,EUR_EUR6M,3290,-0.00083458,3/4/2030,1.007551019
1-Mar-21,EUR,EUR6M,EUR_EUR6M,3654,-0.00021479,3/3/2031,1.002152567
1-Mar-21,EUR,EUR6M,EUR_EUR6M,4020,0.00035828,3/3/2032,0.996061787
1-Mar-21,EUR,EUR6M,EUR_EUR6M,4385,0.00090624,3/3/2033,0.989171758
1-Mar-21,EUR,EUR6M,EUR_EUR6M,4750,0.0014055,3/3/2034,0.981875507
1-Mar-21,EUR,EUR6M,EUR_EUR6M,5117,0.0018429,3/5/2035,0.974494949
1-Mar-21,EUR,EUR6M,EUR_EUR6M,5481,0.0022261,3/3/2036,0.967124451
1-Mar-21,EUR,EUR6M,EUR_EUR6M,5846,0.0025436,3/3/2037,0.960079282
1-Mar-21,EUR,EUR6M,EUR_EUR6M,6211,0.0028001,3/3/2038,0.953469608
1-Mar-21,EUR,EUR6M,EUR_EUR6M,6576,0.003006,3/3/2039,0.947282979
1-Mar-21,EUR,EUR6M,EUR_EUR6M,6944,0.0031588,3/5/2040,0.941674987
1-Mar-21,EUR,EUR6M,EUR_EUR6M,7308,0.0032821,3/4/2041,0.936398696
1-Mar-21,EUR,EUR6M,EUR_EUR6M,7672,0.0033639,3/3/2042,0.931735397
1-Mar-21,EUR,EUR6M,EUR_EUR6M,8037,0.0034239,3/3/2043,0.927380379
1-Mar-21,EUR,EUR6M,EUR_EUR6M,8403,0.0034522,3/3/2044,0.923599942
1-Mar-21,EUR,EUR6M,EUR_EUR6M,8768,0.0034706,3/3/2045,0.92001025
1-Mar-21,EUR,EUR6M,EUR_EUR6M,9135,0.0034576,3/5/2046,0.917103698
1-Mar-21,EUR,EUR6M,EUR_EUR6M,9499,0.003434,3/4/2047,0.914508356
1-Mar-21,EUR,EUR6M,EUR_EUR6M,9864,0.0033995,3/3/2048,0.912223436
1-Mar-21,EUR,EUR6M,EUR_EUR6M,10229,0.0033659,3/3/2049,0.909984061
1-Mar-21,EUR,EUR6M,EUR_EUR6M,10594,0.0033112,3/3/2050,0.908367319
1-Mar-21,EUR,EUR6M,EUR_EUR6M,10959,0.0032671,3/3/2051,0.906564083
1-Mar-21,EUR,EUR6M,EUR_EUR6M,11326,0.0032275,3/4/2052,0.904701913
1-Mar-21,EUR,EUR6M,EUR_EUR6M,11690,0.0031838,3/3/2053,0.903057702
1-Mar-21,EUR,EUR6M,EUR_EUR6M,12055,0.0031354,3/3/2054,0.901627242
1-Mar-21,EUR,EUR6M,EUR_EUR6M,12420,0.0030829,3/3/2055,0.900411802
1-Mar-21,EUR,EUR6M,EUR_EUR6M,12786,0.0030283,3/3/2056,0.899351111
1-Mar-21,EUR,EUR6M,EUR_EUR6M,13153,0.0029753,3/5/2057,0.898330921
1-Mar-21,EUR,EUR6M,EUR_EUR6M,13517,0.0029263,3/4/2058,0.897296157
1-Mar-21,EUR,EUR6M,EUR_EUR6M,13881,0.0028819,3/3/2059,0.89619339
1-Mar-21,EUR,EUR6M,EUR_EUR6M,14247,0.0028419,3/3/2060,0.895003605
1-Mar-21,EUR,EUR6M,EUR_EUR6M,14612,0.0028036,3/3/2061,0.893833133
1-Mar-21,EUR,EUR6M,EUR_EUR6M,14977,0.0027641,3/3/2062,0.892776531
1-Mar-21,EUR,EUR6M,EUR_EUR6M,15344,0.002721,3/5/2063,0.891913283
1-Mar-21,EUR,EUR6M,EUR_EUR6M,15708,0.0026733,3/3/2064,0.89132415
1-Mar-21,EUR,EUR6M,EUR_EUR6M,16073,0.0026227,3/3/2065,0.890927511
1-Mar-21,EUR,EUR6M,EUR_EUR6M,16438,0.0025709,3/3/2066,0.890669309
1-Mar-21,EUR,EUR6M,EUR_EUR6M,16803,0.0025207,3/3/2067,0.890437843
1-Mar-21,EUR,EUR6M,EUR_EUR6M,17171,0.0024752,3/5/2068,0.890080917
1-Mar-21,EUR,EUR6M,EUR_EUR6M,17535,0.0024363,3/4/2069,0.889547367
1-Mar-21,EUR,EUR6M,EUR_EUR6M,17899,0.002405,3/3/2070,0.888751823
1-Mar-21,EUR,EUR6M,EUR_EUR6M,18264,0.002382,3/3/2071,0.887637922
1-Mar-21,EUR,FWE3M,EUR_FWE3M,2,-0.005404108,3/3/2021,1.000029612
1-Mar-21,EUR,FWE3M,EUR_FWE3M,94,-0.005407635,6/3/2021,1.001393621
1-Mar-21,EUR,FWE3M,EUR_FWE3M,126,-0.005421501,7/5/2021,1.001873284
1-Mar-21,EUR,FWE3M,EUR_FWE3M,155,-0.00541925,8/3/2021,1.002303975
1-Mar-21,EUR,FWE3M,EUR_FWE3M,186,-0.005417716,9/3/2021,1.002764623
1-Mar-21,EUR,FWE3M,EUR_FWE3M,217,-0.005415701,10/4/2021,1.003224935
1-Mar-21,EUR,FWE3M,EUR_FWE3M,247,-0.005399826,11/3/2021,1.003660813
1-Mar-21,EUR,FWE3M,EUR_FWE3M,277,-0.005387734,12/3/2021,1.004097144
1-Mar-21,EUR,FWE3M,EUR_FWE3M,308,-0.005380333,1/3/2022,1.004550439
1-Mar-21,EUR,FWE3M,EUR_FWE3M,339,-0.005374413,2/3/2022,1.005004057
1-Mar-21,EUR,FWE3M,EUR_FWE3M,367,-0.005372696,3/3/2022,1.005416754
1-Mar-21,EUR,FWE3M,EUR_FWE3M,399,-0.005365729,4/4/2022,1.005882787
1-Mar-21,EUR,FWE3M,EUR_FWE3M,428,-0.00535598,5/3/2022,1.0063002
1-Mar-21,EUR,FWE3M,EUR_FWE3M,459,-0.005349191,6/3/2022,1.006749466
1-Mar-21,EUR,FWE3M,EUR_FWE3M,490,-0.005341994,7/4/2022,1.00719722
1-Mar-21,EUR,FWE3M,EUR_FWE3M,520,-0.00533316,8/3/2022,1.007626863
1-Mar-21,EUR,FWE3M,EUR_FWE3M,553,-0.005328881,9/5/2022,1.0081063
1-Mar-21,EUR,FWE3M,EUR_FWE3M,581,-0.005327173,10/3/2022,1.008515746
1-Mar-21,EUR,FWE3M,EUR_FWE3M,612,-0.005322313,11/3/2022,1.008963926
1-Mar-21,EUR,FWE3M,EUR_FWE3M,644,-0.005316215,12/5/2022,1.009423971
1-Mar-21,EUR,FWE3M,EUR_FWE3M,673,-0.005308704,1/3/2023,1.009836441
1-Mar-21,EUR,FWE3M,EUR_FWE3M,704,-0.005296975,2/3/2023,1.010268999
1-Mar-21,EUR,FWE3M,EUR_FWE3M,732,-0.00528586,3/3/2023,1.01065707
1-Mar-21,EUR,FWE3M,EUR_FWE3M,763,-0.005271792,4/3/2023,1.011081158
1-Mar-21,EUR,FWE3M,EUR_FWE3M,793,-0.005253813,5/3/2023,1.011479841
1-Mar-21,EUR,FWE3M,EUR_FWE3M,826,-0.005234829,6/5/2023,1.011916937
1-Mar-21,EUR,FWE3M,EUR_FWE3M,917,-0.005168649,9/4/2023,1.013070021
1-Mar-21,EUR,FWE3M,EUR_FWE3M,1008,-0.00508844,12/4/2023,1.014151659
1-Mar-21,EUR,FWE3M,EUR_FWE3M,1099,-0.004997009,3/4/2024,1.015159546
1-Mar-21,EUR,FWE3M,EUR_FWE3M,1190,-0.004896201,6/3/2024,1.016091046
1-Mar-21,EUR,FWE3M,EUR_FWE3M,1282,-0.004785896,9/3/2024,1.016951716
1-Mar-21,EUR,FWE3M,EUR_FWE3M,1373,-0.004668633,12/3/2024,1.017716848
1-Mar-21,EUR,FWE3M,EUR_FWE3M,1463,-0.004544817,3/3/2025,1.018383558
1-Mar-21,EUR,FWE3M,EUR_FWE3M,1555,-0.004410892,6/3/2025,1.018969283
1-Mar-21,EUR,FWE3M,EUR_FWE3M,1647,-0.00426979,9/3/2025,1.019453498
1-Mar-21,EUR,FWE3M,EUR_FWE3M,1738,-0.004123281,12/3/2025,1.019827603
1-Mar-21,EUR,FWE3M,EUR_FWE3M,1828,-0.00397292,3/3/2026,1.020096526
1-Mar-21,EUR,FWE3M,EUR_FWE3M,1920,-0.003815337,6/3/2026,1.020272471
1-Mar-21,EUR,FWE3M,EUR_FWE3M,2012,-0.003653888,9/3/2026,1.020345641
1-Mar-21,EUR,FWE3M,EUR_FWE3M,2103,-0.003491972,12/3/2026,1.020323259
1-Mar-21,EUR,FWE3M,EUR_FWE3M,2193,-0.003330839,3/3/2027,1.020213999
1-Mar-21,EUR,FWE3M,EUR_FWE3M,2285,-0.003165982,6/3/2027,1.020017636
1-Mar-21,EUR,FWE3M,EUR_FWE3M,2377,-0.003000917,9/3/2027,1.019735173
1-Mar-21,EUR,FWE3M,EUR_FWE3M,2468,-0.002837005,12/3/2027,1.019367988
1-Mar-21,EUR,FWE3M,EUR_FWE3M,2559,-0.002671945,3/3/2028,1.018909458
1-Mar-21,EUR,FWE3M,EUR_FWE3M,2653,-0.002500264,6/5/2028,1.018339289
1-Mar-21,EUR,FWE3M,EUR_FWE3M,2744,-0.002333059,9/4/2028,1.017694208
1-Mar-21,EUR,FWE3M,EUR_FWE3M,2835,-0.002165487,12/4/2028,1.016961854
1-Mar-21,EUR,FWE3M,EUR_FWE3M,2926,-0.001998455,3/5/2029,1.016149509
1-Mar-21,EUR,FWE3M,EUR_FWE3M,3017,-0.001832589,6/4/2029,1.015263037
1-Mar-21,EUR,FWE3M,EUR_FWE3M,3108,-0.001668164,9/3/2029,1.014305893
1-Mar-21,EUR,FWE3M,EUR_FWE3M,3199,-0.001505152,12/3/2029,1.013279126
1-Mar-21,EUR,FWE3M,EUR_FWE3M,3290,-0.001343356,3/4/2030,1.012182216
1-Mar-21,EUR,FWE3M,EUR_FWE3M,3381,-0.00118276,6/3/2030,1.011016161
1-Mar-21,EUR,FWE3M,EUR_FWE3M,3473,-0.001021895,9/3/2030,1.009770825
1-Mar-21,EUR,FWE3M,EUR_FWE3M,3564,-0.000864628,12/3/2030,1.0084783
1-Mar-21,EUR,FWE3M,EUR_FWE3M,3654,-0.000711429,3/3/2031,1.007147505
1-Mar-21,EUR,FWE3M,EUR_FWE3M,3746,-0.000557561,6/3/2031,1.005738664
1-Mar-21,EUR,FWE3M,EUR_FWE3M,3838,-0.000406297,9/3/2031,1.004281382
1-Mar-21,EUR,FWE3M,EUR_FWE3M,3929,-0.00025869,12/3/2031,1.002788521
1-Mar-21,EUR,FWE3M,EUR_FWE3M,4020,-0.000112642,3/3/2032,1.001241372
1-Mar-21,EUR,FWE3M,EUR_FWE3M,4112,3.37E-05,6/3/2032,0.999620615
1-Mar-21,EUR,FWE3M,EUR_FWE3M,4204,0.000178611,9/3/2032,0.997944913
1-Mar-21,EUR,FWE3M,EUR_FWE3M,4295,0.000320189,12/3/2032,0.996239388
1-Mar-21,EUR,FWE3M,EUR_FWE3M,4385,0.000457701,3/3/2033,0.994516413
1-Mar-21,EUR,FWE3M,EUR_FWE3M,4477,0.000594932,6/3/2033,0.992729267
1-Mar-21,EUR,FWE3M,EUR_FWE3M,4571,0.000731268,9/5/2033,0.990883921
1-Mar-21,EUR,FWE3M,EUR_FWE3M,4662,0.000859436,12/5/2033,0.98908279
1-Mar-21,EUR,FWE3M,EUR_FWE3M,4750,0.000979946,3/3/2034,0.987328246
1-Mar-21,EUR,FWE3M,EUR_FWE3M,4844,0.001105021,6/5/2034,0.985442011
1-Mar-21,EUR,FWE3M,EUR_FWE3M,4935,0.001222615,9/4/2034,0.983605454
1-Mar-21,EUR,FWE3M,EUR_FWE3M,5026,0.001336824,12/4/2034,0.981760504
1-Mar-21,EUR,FWE3M,EUR_FWE3M,5117,0.001447652,3/5/2035,0.979909669
1-Mar-21,EUR,FWE3M,EUR_FWE3M,5208,0.001555034,6/4/2035,0.978056352
1-Mar-21,EUR,FWE3M,EUR_FWE3M,5299,0.001658843,9/3/2035,0.976204915
1-Mar-21,EUR,FWE3M,EUR_FWE3M,5390,0.001758887,12/3/2035,0.974360719
1-Mar-21,EUR,FWE3M,EUR_FWE3M,5481,0.001854968,3/3/2036,0.972529355
1-Mar-21,EUR,FWE3M,EUR_FWE3M,5573,0.001947956,6/3/2036,0.970695597
1-Mar-21,EUR,FWE3M,EUR_FWE3M,5665,0.002036694,9/3/2036,0.968883782
1-Mar-21,EUR,FWE3M,EUR_FWE3M,5756,0.002120227,12/3/2036,0.967117102
1-Mar-21,EUR,FWE3M,EUR_FWE3M,5846,0.002198754,3/3/2037,0.965396668
1-Mar-21,EUR,FWE3M,EUR_FWE3M,5938,0.002274992,6/3/2037,0.963665833
1-Mar-21,EUR,FWE3M,EUR_FWE3M,6030,0.002347255,9/3/2037,0.961964308
1-Mar-21,EUR,FWE3M,EUR_FWE3M,6121,0.002415109,12/3/2037,0.960308159
1-Mar-21,EUR,FWE3M,EUR_FWE3M,6211,0.00247895,3/3/2038,0.958694413
1-Mar-21,EUR,FWE3M,EUR_FWE3M,6303,0.002540999,6/3/2038,0.95706954
1-Mar-21,EUR,FWE3M,EUR_FWE3M,6395,0.002599722,9/3/2038,0.955473212
1-Mar-21,EUR,FWE3M,EUR_FWE3M,6486,0.002654281,12/3/2038,0.953928834
1-Mar-21,EUR,FWE3M,EUR_FWE3M,6576,0.002704484,3/3/2039,0.952442856
1-Mar-21,EUR,FWE3M,EUR_FWE3M,6668,0.002751981,6/3/2039,0.950968301
1-Mar-21,EUR,FWE3M,EUR_FWE3M,6762,0.002796922,9/5/2039,0.949503703
1-Mar-21,EUR,FWE3M,EUR_FWE3M,6853,0.002837722,12/5/2039,0.948115266
1-Mar-21,EUR,FWE3M,EUR_FWE3M,6944,0.002876779,3/5/2040,0.946740976
1-Mar-21,EUR,FWE3M,EUR_FWE3M,7035,0.002914573,6/4/2040,0.945373306
1-Mar-21,EUR,FWE3M,EUR_FWE3M,7126,0.002951007,9/3/2040,0.94401488
1-Mar-21,EUR,FWE3M,EUR_FWE3M,7217,0.002985448,12/3/2040,0.942678417
1-Mar-21,EUR,FWE3M,EUR_FWE3M,7308,0.003016959,3/4/2041,0.941382911
1-Mar-21,EUR,FWE3M,EUR_FWE3M,7399,0.003045092,6/3/2041,0.940138786
1-Mar-21,EUR,FWE3M,EUR_FWE3M,7491,0.003070317,9/3/2041,0.938931266
1-Mar-21,EUR,FWE3M,EUR_FWE3M,7582,0.003092883,12/3/2041,0.93777312
1-Mar-21,EUR,FWE3M,EUR_FWE3M,7672,0.003114028,3/3/2042,0.936641844
1-Mar-21,EUR,FWE3M,EUR_FWE3M,7764,0.003135109,6/3/2042,0.93548738
1-Mar-21,EUR,FWE3M,EUR_FWE3M,7856,0.003155641,9/3/2042,0.934335435
1-Mar-21,EUR,FWE3M,EUR_FWE3M,7947,0.003174719,12/3/2042,0.933212927
1-Mar-21,EUR,FWE3M,EUR_FWE3M,8037,0.003191344,3/3/2043,0.932141384
1-Mar-21,EUR,FWE3M,EUR_FWE3M,8129,0.003205598,6/3/2043,0.93109625
1-Mar-21,EUR,FWE3M,EUR_FWE3M,8221,0.003217152,9/3/2043,0.930102171
1-Mar-21,EUR,FWE3M,EUR_FWE3M,8312,0.003226881,12/3/2043,0.929150577
1-Mar-21,EUR,FWE3M,EUR_FWE3M,8403,0.003236231,3/3/2044,0.928203543
1-Mar-21,EUR,FWE3M,EUR_FWE3M,8495,0.00324599,6/3/2044,0.927236082
1-Mar-21,EUR,FWE3M,EUR_FWE3M,8589,0.003256122,9/5/2044,0.926240403
1-Mar-21,EUR,FWE3M,EUR_FWE3M,8680,0.003265138,12/5/2044,0.925290377
1-Mar-21,EUR,FWE3M,EUR_FWE3M,8768,0.003271721,3/3/2045,0.924416082
1-Mar-21,EUR,FWE3M,EUR_FWE3M,8862,0.003275664,6/5/2045,0.92354908
1-Mar-21,EUR,FWE3M,EUR_FWE3M,8953,0.00327647,9/4/2045,0.922776904
1-Mar-21,EUR,FWE3M,EUR_FWE3M,9044,0.003275153,12/4/2045,0.92205351
1-Mar-21,EUR,FWE3M,EUR_FWE3M,9135,0.003273093,3/5/2046,0.92134844
1-Mar-21,EUR,FWE3M,EUR_FWE3M,9226,0.003271196,6/4/2046,0.920641025
1-Mar-21,EUR,FWE3M,EUR_FWE3M,9317,0.003269685,9/3/2046,0.919925974
1-Mar-21,EUR,FWE3M,EUR_FWE3M,9408,0.003268126,12/3/2046,0.919213313
1-Mar-21,EUR,FWE3M,EUR_FWE3M,9499,0.003265661,3/4/2047,0.918523569
1-Mar-21,EUR,FWE3M,EUR_FWE3M,9590,0.003261811,6/3/2047,0.917868887
1-Mar-21,EUR,FWE3M,EUR_FWE3M,9682,0.003256586,9/3/2047,0.917241686
1-Mar-21,EUR,FWE3M,EUR_FWE3M,9773,0.003250689,12/3/2047,0.916641983
1-Mar-21,EUR,FWE3M,EUR_FWE3M,9864,0.003244969,3/3/2048,0.916040982
1-Mar-21,EUR,FWE3M,EUR_FWE3M,9956,0.003239781,6/3/2048,0.915421576
1-Mar-21,EUR,FWE3M,EUR_FWE3M,10048,0.00323495,9/3/2048,0.914796001
1-Mar-21,EUR,FWE3M,EUR_FWE3M,10139,0.003229626,12/3/2048,0.914193694
1-Mar-21,EUR,FWE3M,EUR_FWE3M,10229,0.003222609,3/3/2049,0.913645621
1-Mar-21,EUR,FWE3M,EUR_FWE3M,10321,0.0032131,6/3/2049,0.913149287
1-Mar-21,EUR,FWE3M,EUR_FWE3M,10413,0.003201521,9/3/2049,0.912711502
1-Mar-21,EUR,FWE3M,EUR_FWE3M,10504,0.003189205,12/3/2049,0.91230655
1-Mar-21,EUR,FWE3M,EUR_FWE3M,10594,0.003177849,3/3/2050,0.91188993
1-Mar-21,EUR,FWE3M,EUR_FWE3M,10686,0.003168032,6/3/2050,0.911421717
1-Mar-21,EUR,FWE3M,EUR_FWE3M,10780,0.003159849,9/5/2050,0.910898527
1-Mar-21,EUR,FWE3M,EUR_FWE3M,10871,0.003152722,12/5/2050,0.910374447
1-Mar-21,EUR,FWE3M,EUR_FWE3M,10959,0.003145775,3/3/2051,0.909872482
1-Mar-21,EUR,FWE3M,EUR_FWE3M,11053,0.003138236,6/5/2051,0.909343229
1-Mar-21,EUR,FWE3M,EUR_FWE3M,11144,0.003130766,9/4/2051,0.908839284
1-Mar-21,EUR,FWE3M,EUR_FWE3M,11235,0.003123081,12/4/2051,0.908345027
1-Mar-21,EUR,FWE3M,EUR_FWE3M,11326,0.003115142,3/4/2052,0.907861635
1-Mar-21,EUR,FWE3M,EUR_FWE3M,11417,0.003106923,6/3/2052,0.907390077
1-Mar-21,EUR,FWE3M,EUR_FWE3M,11509,0.003098309,9/3/2052,0.90692605
1-Mar-21,EUR,FWE3M,EUR_FWE3M,11600,0.00308947,12/3/2052,0.906480377
1-Mar-21,EUR,FWE3M,EUR_FWE3M,11690,0.003080409,3/3/2053,0.906052991
1-Mar-21,EUR,FWE3M,EUR_FWE3M,11782,0.003070828,6/3/2053,0.905629806
1-Mar-21,EUR,FWE3M,EUR_FWE3M,11874,0.003060928,9/3/2053,0.905220622
1-Mar-21,EUR,FWE3M,EUR_FWE3M,11965,0.003050822,12/3/2053,0.904829784
1-Mar-21,EUR,FWE3M,EUR_FWE3M,12055,0.003040551,3/3/2054,0.90445613
1-Mar-21,EUR,FWE3M,EUR_FWE3M,12147,0.00302981,6/3/2054,0.904086344
1-Mar-21,EUR,FWE3M,EUR_FWE3M,12239,0.003018834,9/3/2054,0.903728713
1-Mar-21,EUR,FWE3M,EUR_FWE3M,12330,0.003007792,12/3/2054,0.9033857
1-Mar-21,EUR,FWE3M,EUR_FWE3M,12420,0.002996732,3/3/2055,0.903055746
1-Mar-21,EUR,FWE3M,EUR_FWE3M,12512,0.002985335,6/3/2055,0.902726495
1-Mar-21,EUR,FWE3M,EUR_FWE3M,12604,0.002973897,9/3/2055,0.902403843
1-Mar-21,EUR,FWE3M,EUR_FWE3M,12695,0.002962599,12/3/2055,0.902089415
1-Mar-21,EUR,FWE3M,EUR_FWE3M,12786,0.002951379,3/3/2056,0.901777717
1-Mar-21,EUR,FWE3M,EUR_FWE3M,12880,0.002939928,6/5/2056,0.901456752
1-Mar-21,EUR,FWE3M,EUR_FWE3M,12971,0.002929022,9/4/2056,0.901145455
1-Mar-21,EUR,FWE3M,EUR_FWE3M,13062,0.002918331,12/4/2056,0.900832194
1-Mar-21,EUR,FWE3M,EUR_FWE3M,13153,0.002907887,3/5/2057,0.900515856
1-Mar-21,EUR,FWE3M,EUR_FWE3M,13244,0.002897714,6/4/2057,0.900195466
1-Mar-21,EUR,FWE3M,EUR_FWE3M,13335,0.002887828,9/3/2057,0.899870302
1-Mar-21,EUR,FWE3M,EUR_FWE3M,13426,0.002878241,12/3/2057,0.899539823
1-Mar-21,EUR,FWE3M,EUR_FWE3M,13517,0.002868956,3/4/2058,0.899203693
1-Mar-21,EUR,FWE3M,EUR_FWE3M,13608,0.002859971,6/3/2058,0.898861784
1-Mar-21,EUR,FWE3M,EUR_FWE3M,13700,0.002851184,9/3/2058,0.898510352
1-Mar-21,EUR,FWE3M,EUR_FWE3M,13791,0.002842774,12/3/2058,0.898157246
1-Mar-21,EUR,FWE3M,EUR_FWE3M,13881,0.002834712,3/3/2059,0.897803107
1-Mar-21,EUR,FWE3M,EUR_FWE3M,13973,0.002826707,6/3/2059,0.89743682
1-Mar-21,EUR,FWE3M,EUR_FWE3M,14065,0.002818913,9/3/2059,0.897067039
1-Mar-21,EUR,FWE3M,EUR_FWE3M,14156,0.002811376,12/3/2059,0.896698889
1-Mar-21,EUR,FWE3M,EUR_FWE3M,14247,0.002803968,3/3/2060,0.896329735
1-Mar-21,EUR,FWE3M,EUR_FWE3M,14339,0.002796565,6/3/2060,0.895957
1-Mar-21,EUR,FWE3M,EUR_FWE3M,14431,0.002789198,9/3/2060,0.895586479
1-Mar-21,EUR,FWE3M,EUR_FWE3M,14522,0.002781893,12/3/2060,0.895224071
1-Mar-21,EUR,FWE3M,EUR_FWE3M,14612,0.002774593,3/3/2061,0.894871671
1-Mar-21,EUR,FWE3M,EUR_FWE3M,14704,0.002767008,6/3/2061,0.894519376
1-Mar-21,EUR,FWE3M,EUR_FWE3M,14798,0.002759082,9/5/2061,0.89416944
1-Mar-21,EUR,FWE3M,EUR_FWE3M,14889,0.002751202,12/5/2061,0.893841845
1-Mar-21,EUR,FWE3M,EUR_FWE3M,14977,0.002743353,3/3/2062,0.893536886
1-Mar-21,EUR,FWE3M,EUR_FWE3M,15071,0.002734706,6/5/2062,0.893224684
1-Mar-21,EUR,FWE3M,EUR_FWE3M,15162,0.002726057,9/4/2062,0.892936649
1-Mar-21,EUR,FWE3M,EUR_FWE3M,15253,0.002717121,12/4/2062,0.892663235
1-Mar-21,EUR,FWE3M,EUR_FWE3M,15344,0.002707895,3/5/2063,0.892404788
1-Mar-21,EUR,FWE3M,EUR_FWE3M,15435,0.002698378,6/4/2063,0.892161475
1-Mar-21,EUR,FWE3M,EUR_FWE3M,15526,0.002688579,9/3/2063,0.891933196
1-Mar-21,EUR,FWE3M,EUR_FWE3M,15617,0.002678508,12/3/2063,0.891719702
1-Mar-21,EUR,FWE3M,EUR_FWE3M,15708,0.002668182,3/3/2064,0.891520489
1-Mar-21,EUR,FWE3M,EUR_FWE3M,15800,0.002657509,6/3/2064,0.891332815
1-Mar-21,EUR,FWE3M,EUR_FWE3M,15892,0.002646628,9/3/2064,0.891158074
1-Mar-21,EUR,FWE3M,EUR_FWE3M,15983,0.002635684,12/3/2064,0.890997109
1-Mar-21,EUR,FWE3M,EUR_FWE3M,16073,0.002624729,3/3/2065,0.890847929
1-Mar-21,EUR,FWE3M,EUR_FWE3M,16165,0.002613443,6/3/2065,0.890703839
1-Mar-21,EUR,FWE3M,EUR_FWE3M,16257,0.002602106,9/3/2065,0.890566873
1-Mar-21,EUR,FWE3M,EUR_FWE3M,16348,0.002590897,12/3/2065,0.890436247
1-Mar-21,EUR,FWE3M,EUR_FWE3M,16438,0.002579868,3/3/2066,0.890309665
1-Mar-21,EUR,FWE3M,EUR_FWE3M,16530,0.002568705,6/3/2066,0.890180832
1-Mar-21,EUR,FWE3M,EUR_FWE3M,16622,0.002557701,9/3/2066,0.890050554
1-Mar-21,EUR,FWE3M,EUR_FWE3M,16713,0.002547019,12/3/2066,0.88991835
1-Mar-21,EUR,FWE3M,EUR_FWE3M,16803,0.002536691,3/3/2067,0.889782584
1-Mar-21,EUR,FWE3M,EUR_FWE3M,16895,0.00252641,6/3/2067,0.889637097
1-Mar-21,EUR,FWE3M,EUR_FWE3M,16989,0.00251623,9/5/2067,0.889479843
1-Mar-21,EUR,FWE3M,EUR_FWE3M,17080,0.002506717,12/5/2067,0.889317821
1-Mar-21,EUR,FWE3M,EUR_FWE3M,17171,0.002497568,3/5/2068,0.889144802
1-Mar-21,EUR,FWE3M,EUR_FWE3M,17262,0.002488807,6/4/2068,0.888959583
1-Mar-21,EUR,FWE3M,EUR_FWE3M,17353,0.002480453,9/3/2068,0.888761074
1-Mar-21,EUR,FWE3M,EUR_FWE3M,17444,0.002472523,12/3/2068,0.888548297
1-Mar-21,EUR,FWE3M,EUR_FWE3M,17535,0.002465031,3/4/2069,0.888320381
1-Mar-21,EUR,FWE3M,EUR_FWE3M,17626,0.002457989,6/3/2069,0.888076567
1-Mar-21,EUR,FWE3M,EUR_FWE3M,17718,0.002451333,9/3/2069,0.887813357
1-Mar-21,EUR,FWE3M,EUR_FWE3M,17809,0.002445217,12/3/2069,0.887535747
1-Mar-21,EUR,FWE3M,EUR_FWE3M,17899,0.002439629,3/3/2070,0.887243866
1-Mar-21,EUR,FWE3M,EUR_FWE3M,17991,0.002434384,6/3/2070,0.886927699
1-Mar-21,EUR,FWE3M,EUR_FWE3M,18083,0.002429616,9/3/2070,0.886593094
1-Mar-21,EUR,FWE3M,EUR_FWE3M,18174,0.002425373,12/3/2070,0.886243418
1-Mar-21,EUR,FWE3M,EUR_FWE3M,18264,0.002421218,3/3/2071,0.885897718
1-Mar-21,EUR,USCSA,EUR_USCSA,1,-0.0067953,3/2/2021,1.000018617
1-Mar-21,EUR,USCSA,EUR_USCSA,2,-0.0067885,3/3/2021,1.000037198
1-Mar-21,EUR,USCSA,EUR_USCSA,3,-0.0067858,3/4/2021,1.000055775
1-Mar-21,EUR,USCSA,EUR_USCSA,4,-0.0067874,3/5/2021,1.000074385
1-Mar-21,EUR,USCSA,EUR_USCSA,7,-0.0068176,3/8/2021,1.000130757
1-Mar-21,EUR,USCSA,EUR_USCSA,16,-0.0069019,3/17/2021,1.000302595
1-Mar-21,EUR,USCSA,EUR_USCSA,23,-0.0069094,3/24/2021,1.000435482
1-Mar-21,EUR,USCSA,EUR_USCSA,35,-0.0077485,4/5/2021,1.000743283
1-Mar-21,EUR,USCSA,EUR_USCSA,63,-0.0074592,5/3/2021,1.001288308
1-Mar-21,EUR,USCSA,EUR_USCSA,94,-0.0072728,6/3/2021,1.00187475
1-Mar-21,EUR,USCSA,EUR_USCSA,126,-0.0072877,7/5/2021,1.002518921
1-Mar-21,EUR,USCSA,EUR_USCSA,155,-0.0072067,8/3/2021,1.003065067
1-Mar-21,EUR,USCSA,EUR_USCSA,186,-0.0071387,9/3/2021,1.003644428
1-Mar-21,EUR,USCSA,EUR_USCSA,217,-0.007156,10/4/2021,1.004263452
1-Mar-21,EUR,USCSA,EUR_USCSA,247,-0.0071129,11/3/2021,1.00482499
1-Mar-21,EUR,USCSA,EUR_USCSA,277,-0.0070764,12/3/2021,1.005384755
1-Mar-21,EUR,USCSA,EUR_USCSA,308,-0.0074827,1/3/2022,1.006334145
1-Mar-21,EUR,USCSA,EUR_USCSA,339,-0.0074173,2/3/2022,1.006912728
1-Mar-21,EUR,USCSA,EUR_USCSA,367,-0.0073628,3/3/2022,1.007430615
1-Mar-21,EUR,USCSA,EUR_USCSA,459,-0.007321,6/3/2022,1.009248918
1-Mar-21,EUR,USCSA,EUR_USCSA,553,-0.0073229,9/5/2022,1.011156469
1-Mar-21,EUR,USCSA,EUR_USCSA,644,-0.0073632,12/5/2022,1.013076265
1-Mar-21,EUR,USCSA,EUR_USCSA,732,-0.0073823,3/3/2023,1.014915189
1-Mar-21,EUR,USCSA,EUR_USCSA,1099,-0.0073514,3/4/2024,1.022381555
1-Mar-21,EUR,USCSA,EUR_USCSA,1463,-0.0071636,3/3/2025,1.029129479
1-Mar-21,EUR,USCSA,EUR_USCSA,1828,-0.0068048,3/3/2026,1.034667304
1-Mar-21,EUR,USCSA,EUR_USCSA,2193,-0.006338,3/3/2027,1.038814431
1-Mar-21,EUR,USCSA,EUR_USCSA,2559,-0.0058425,3/3/2028,1.041812024
1-Mar-21,EUR,USCSA,EUR_USCSA,2926,-0.005302,3/5/2029,1.04341935
1-Mar-21,EUR,USCSA,EUR_USCSA,3290,-0.0047557,3/4/2030,1.043798483
1-Mar-21,EUR,USCSA,EUR_USCSA,3654,-0.0042082,3/3/2031,1.0430281
1-Mar-21,EUR,USCSA,EUR_USCSA,4020,-0.0036845,3/3/2032,1.041414591
1-Mar-21,EUR,USCSA,EUR_USCSA,4385,-0.0031637,3/3/2033,1.038739271
1-Mar-21,EUR,USCSA,EUR_USCSA,4750,-0.0026708,3/3/2034,1.03536807
1-Mar-21,EUR,USCSA,EUR_USCSA,5117,-0.0022264,3/5/2035,1.03170451
1-Mar-21,EUR,USCSA,EUR_USCSA,5481,-0.001879,3/3/2036,1.028617726
1-Mar-21,EUR,USCSA,EUR_USCSA,5846,-0.0016042,3/3/2037,1.026026495
1-Mar-21,EUR,USCSA,EUR_USCSA,6211,-0.0013603,3/3/2038,1.023417443
1-Mar-21,EUR,USCSA,EUR_USCSA,6576,-0.0011481,3/3/2039,1.020900083
1-Mar-21,EUR,USCSA,EUR_USCSA,6944,-0.00096606,3/5/2040,1.018548893
1-Mar-21,EUR,USCSA,EUR_USCSA,7308,-0.00081648,3/4/2041,1.016481847
1-Mar-21,EUR,USCSA,EUR_USCSA,7672,-0.0006959,3/3/2042,1.014734748
1-Mar-21,EUR,USCSA,EUR_USCSA,8037,-0.0006034,3/3/2043,1.013375028
1-Mar-21,EUR,USCSA,EUR_USCSA,8403,-0.0005382,3/3/2044,1.012467475
1-Mar-21,EUR,USCSA,EUR_USCSA,8768,-0.00049918,3/3/2045,1.012063444
1-Mar-21,EUR,USCSA,EUR_USCSA,9135,-0.0004842,3/5/2046,1.012191989
1-Mar-21,EUR,USCSA,EUR_USCSA,9499,-0.00048924,3/4/2047,1.012813704
1-Mar-21,EUR,USCSA,EUR_USCSA,9864,-0.00050244,3/3/2048,1.013670872
1-Mar-21,EUR,USCSA,EUR_USCSA,10229,-0.00051163,3/3/2049,1.014441541
1-Mar-21,EUR,USCSA,EUR_USCSA,10594,-0.00050615,3/3/2050,1.014799271
1-Mar-21,EUR,USCSA,EUR_USCSA,10959,-0.00047655,3/3/2051,1.014411104
1-Mar-21,EUR,USCSA,EUR_USCSA,11326,-0.00042402,3/4/2052,1.013244338
1-Mar-21,EUR,USCSA,EUR_USCSA,11690,-0.00035666,3/3/2053,1.011488382
1-Mar-21,EUR,USCSA,EUR_USCSA,12055,-0.00027392,3/3/2054,1.009087911
1-Mar-21,EUR,USCSA,EUR_USCSA,12420,-0.00017602,3/3/2055,1.006007475
1-Mar-21,EUR,USCSA,EUR_USCSA,12786,-6.26E-05,3/3/2056,1.002196943
1-Mar-21,EUR,USCSA,EUR_USCSA,13153,6.63E-05,3/5/2057,0.997613295
1-Mar-21,EUR,USCSA,EUR_USCSA,13517,0.00020934,3/4/2058,0.99227751
1-Mar-21,EUR,USCSA,EUR_USCSA,13881,0.00036748,3/3/2059,0.986121887
1-Mar-21,EUR,USCSA,EUR_USCSA,14247,0.00054179,3/3/2060,0.979074421
1-Mar-21,EUR,USCSA,EUR_USCSA,14612,0.00073099,3/3/2061,0.971160401
1-Mar-21,EUR,USCSA,EUR_USCSA,14977,0.00093518,3/3/2062,0.962353795
1-Mar-21,EUR,USCSA,EUR_USCSA,15344,0.0011534,3/5/2063,0.952669686
1-Mar-21,EUR,USCSA,EUR_USCSA,15708,0.0013801,3/3/2064,0.94233593
1-Mar-21,EUR,USCSA,EUR_USCSA,16073,0.0016155,3/3/2065,0.931331927
1-Mar-21,EUR,USCSA,EUR_USCSA,16438,0.0018571,3/3/2066,0.919766318
1-Mar-21,EUR,USCSA,EUR_USCSA,16803,0.0021028,3/3/2067,0.907734182
1-Mar-21,EUR,USCSA,EUR_USCSA,17171,0.002353,3/5/2068,0.895212512
1-Mar-21,EUR,USCSA,EUR_USCSA,17535,0.0026013,3/4/2069,0.882523993
1-Mar-21,EUR,USCSA,EUR_USCSA,17899,0.0028491,3/3/2070,0.869605881
1-Mar-21,EUR,USCSA,EUR_USCSA,18264,0.0030954,3/3/2071,0.856510478
1-Mar-21,GBP,EUCSA,GBP_EUCSA,1,0.0014922,3/2/2021,0.999995912
1-Mar-21,GBP,EUCSA,GBP_EUCSA,2,0.0014841,3/3/2021,0.999991868
1-Mar-21,GBP,EUCSA,GBP_EUCSA,3,0.0014776,3/4/2021,0.999987855
1-Mar-21,GBP,EUCSA,GBP_EUCSA,4,0.0014725,3/5/2021,0.999983863
1-Mar-21,GBP,EUCSA,GBP_EUCSA,7,0.0014661,3/8/2021,0.999971883
1-Mar-21,GBP,EUCSA,GBP_EUCSA,14,0.0014664,3/15/2021,0.999943756
1-Mar-21,GBP,EUCSA,GBP_EUCSA,21,0.0014898,3/22/2021,0.999914289
1-Mar-21,GBP,EUCSA,GBP_EUCSA,31,0.0014165,4/1/2021,0.999879702
1-Mar-21,GBP,EUCSA,GBP_EUCSA,63,0.0016499,5/3/2021,0.999715263
1-Mar-21,GBP,EUCSA,GBP_EUCSA,92,0.0017371,6/1/2021,0.999562251
1-Mar-21,GBP,EUCSA,GBP_EUCSA,122,0.001778,7/1/2021,0.999405886
1-Mar-21,GBP,EUCSA,GBP_EUCSA,154,0.0018217,8/2/2021,0.999231688
1-Mar-21,GBP,EUCSA,GBP_EUCSA,184,0.0018475,9/1/2021,0.999069091
1-Mar-21,GBP,EUCSA,GBP_EUCSA,214,0.0018656,10/1/2021,0.998906794
1-Mar-21,GBP,EUCSA,GBP_EUCSA,245,0.0018714,11/1/2021,0.998744643
1-Mar-21,GBP,EUCSA,GBP_EUCSA,275,0.0018807,12/1/2021,0.998584038
1-Mar-21,GBP,EUCSA,GBP_EUCSA,308,0.0019012,1/3/2022,0.998396986
1-Mar-21,GBP,EUCSA,GBP_EUCSA,337,0.0018894,2/1/2022,0.998257061
1-Mar-21,GBP,EUCSA,GBP_EUCSA,365,0.0019223,3/1/2022,0.998079546
1-Mar-21,GBP,EUCSA,GBP_EUCSA,457,0.002052,6/1/2022,0.997434081
1-Mar-21,GBP,EUCSA,GBP_EUCSA,549,0.0022009,9/1/2022,0.996695079
1-Mar-21,GBP,EUCSA,GBP_EUCSA,640,0.002367,12/1/2022,0.995858245
1-Mar-21,GBP,EUCSA,GBP_EUCSA,730,0.0025547,3/1/2023,0.994903631
1-Mar-21,GBP,EUCSA,GBP_EUCSA,1096,0.0036395,3/1/2024,0.989131028
1-Mar-21,GBP,EUCSA,GBP_EUCSA,1463,0.0047609,3/3/2025,0.981098192
1-Mar-21,GBP,EUCSA,GBP_EUCSA,1827,0.0057498,3/2/2026,0.971629708
1-Mar-21,GBP,EUCSA,GBP_EUCSA,2191,0.0066558,3/1/2027,0.960834564
1-Mar-21,GBP,EUCSA,GBP_EUCSA,2557,0.007476,3/1/2028,0.948974867
1-Mar-21,GBP,EUCSA,GBP_EUCSA,2922,0.0082164,3/1/2029,0.936340374
1-Mar-21,GBP,EUCSA,GBP_EUCSA,3287,0.0088813,3/1/2030,0.923134472
1-Mar-21,GBP,EUCSA,GBP_EUCSA,3654,0.009464,3/3/2031,0.909606023
1-Mar-21,GBP,EUCSA,GBP_EUCSA,4018,0.0099294,3/1/2032,0.896456946
1-Mar-21,GBP,EUCSA,GBP_EUCSA,4383,0.0102914,3/1/2033,0.883749713
1-Mar-21,GBP,EUCSA,GBP_EUCSA,4748,0.0105678,3/1/2034,0.871562014
1-Mar-21,GBP,EUCSA,GBP_EUCSA,5113,0.0107886,3/1/2035,0.859736722
1-Mar-21,GBP,EUCSA,GBP_EUCSA,5481,0.0109289,3/3/2036,0.848645989
1-Mar-21,GBP,EUCSA,GBP_EUCSA,5845,0.0110053,3/2/2037,0.838420464
1-Mar-21,GBP,EUCSA,GBP_EUCSA,6209,0.0110627,3/1/2038,0.828459659
1-Mar-21,GBP,EUCSA,GBP_EUCSA,6574,0.0111066,3/1/2039,0.818697582
1-Mar-21,GBP,EUCSA,GBP_EUCSA,6940,0.0111408,3/1/2040,0.809104002
1-Mar-21,GBP,EUCSA,GBP_EUCSA,7305,0.0111685,3/1/2041,0.799696504
1-Mar-21,GBP,EUCSA,GBP_EUCSA,7672,0.0111906,3/3/2042,0.790399145
1-Mar-21,GBP,EUCSA,GBP_EUCSA,8036,0.0112025,3/2/2043,0.781422618
1-Mar-21,GBP,EUCSA,GBP_EUCSA,8401,0.0112003,3/1/2044,0.77275671
1-Mar-21,GBP,EUCSA,GBP_EUCSA,8766,0.0111816,3/1/2045,0.764493155
1-Mar-21,GBP,EUCSA,GBP_EUCSA,9131,0.0111452,3/1/2046,0.756681231
1-Mar-21,GBP,EUCSA,GBP_EUCSA,9496,0.0110926,3/1/2047,0.749319405
1-Mar-21,GBP,EUCSA,GBP_EUCSA,9863,0.0110312,3/2/2048,0.742238856
1-Mar-21,GBP,EUCSA,GBP_EUCSA,10227,0.0109705,3/1/2049,0.735367876
1-Mar-21,GBP,EUCSA,GBP_EUCSA,10592,0.0109175,3/1/2050,0.728464142
1-Mar-21,GBP,EUCSA,GBP_EUCSA,10957,0.0108796,3/1/2051,0.721374651
1-Mar-21,GBP,EUCSA,GBP_EUCSA,11323,0.0108509,3/1/2052,0.714183228
1-Mar-21,GBP,EUCSA,GBP_EUCSA,11690,0.0108198,3/3/2053,0.707137582
1-Mar-21,GBP,EUCSA,GBP_EUCSA,12054,0.010785,3/2/2054,0.700352898
1-Mar-21,GBP,EUCSA,GBP_EUCSA,12418,0.0107451,3/1/2055,0.693801828
1-Mar-21,GBP,EUCSA,GBP_EUCSA,12784,0.0106988,3/1/2056,0.687480505
1-Mar-21,GBP,EUCSA,GBP_EUCSA,13149,0.0106457,3/1/2057,0.681466833
1-Mar-21,GBP,EUCSA,GBP_EUCSA,13514,0.0105848,3/1/2058,0.675772637
1-Mar-21,GBP,EUCSA,GBP_EUCSA,13881,0.0105153,3/3/2059,0.670388221
1-Mar-21,GBP,EUCSA,GBP_EUCSA,14245,0.0104375,3/1/2060,0.665412281
1-Mar-21,GBP,EUCSA,GBP_EUCSA,14610,0.0103504,3/1/2061,0.660802963
1-Mar-21,GBP,EUCSA,GBP_EUCSA,14975,0.0104397,3/1/2062,0.651606961
1-Mar-21,GBP,EUCSA,GBP_EUCSA,15340,0.0105123,3/1/2063,0.642875236
1-Mar-21,GBP,EUCSA,GBP_EUCSA,15708,0.01057,3/3/2064,0.634520004
1-Mar-21,GBP,EUCSA,GBP_EUCSA,16072,0.0106142,3/2/2065,0.626645831
1-Mar-21,GBP,EUCSA,GBP_EUCSA,16436,0.0106474,3/1/2066,0.619121414
1-Mar-21,GBP,EUCSA,GBP_EUCSA,16801,0.0106714,3/1/2067,0.61188801
1-Mar-21,GBP,EUCSA,GBP_EUCSA,17167,0.0106877,3/1/2068,0.604911401
1-Mar-21,GBP,EUCSA,GBP_EUCSA,17532,0.0106975,3/1/2069,0.598199063
1-Mar-21,GBP,EUCSA,GBP_EUCSA,17899,0.0107023,3/3/2070,0.591659961
1-Mar-21,GBP,EUCSA,GBP_EUCSA,18263,0.0107029,3/2/2071,0.585361193
1-Mar-21,GBP,FWG3M,GBP_FWG3M,92,0.000702438,6/1/2021,0.999822963
1-Mar-21,GBP,FWG3M,GBP_FWG3M,122,0.000791057,7/1/2021,0.999735627
1-Mar-21,GBP,FWG3M,GBP_FWG3M,154,0.000756347,8/2/2021,0.999680935
1-Mar-21,GBP,FWG3M,GBP_FWG3M,184,0.000741181,9/1/2021,0.999626434
1-Mar-21,GBP,FWG3M,GBP_FWG3M,214,0.000777674,10/1/2021,0.999544153
1-Mar-21,GBP,FWG3M,GBP_FWG3M,245,0.000749886,11/1/2021,0.999496779
1-Mar-21,GBP,FWG3M,GBP_FWG3M,275,0.000737459,12/1/2021,0.999444535
1-Mar-21,GBP,FWG3M,GBP_FWG3M,309,0.000759172,1/4/2022,0.99935751
1-Mar-21,GBP,FWG3M,GBP_FWG3M,337,0.000752387,2/1/2022,0.999305572
1-Mar-21,GBP,FWG3M,GBP_FWG3M,365,0.000779978,3/1/2022,0.999220326
1-Mar-21,GBP,FWG3M,GBP_FWG3M,396,0.000865734,4/1/2022,0.999061178
1-Mar-21,GBP,FWG3M,GBP_FWG3M,428,0.000924162,5/3/2022,0.998916912
1-Mar-21,GBP,FWG3M,GBP_FWG3M,457,0.000987252,6/1/2022,0.99876467
1-Mar-21,GBP,FWG3M,GBP_FWG3M,487,0.001076057,7/1/2022,0.998565305
1-Mar-21,GBP,FWG3M,GBP_FWG3M,518,0.001136265,8/1/2022,0.998388737
1-Mar-21,GBP,FWG3M,GBP_FWG3M,549,0.001201935,9/1/2022,0.998193791
1-Mar-21,GBP,FWG3M,GBP_FWG3M,581,0.001289345,10/3/2022,0.997949749
1-Mar-21,GBP,FWG3M,GBP_FWG3M,610,0.001347582,11/1/2022,0.997750411
1-Mar-21,GBP,FWG3M,GBP_FWG3M,640,0.001416205,12/1/2022,0.997519873
1-Mar-21,GBP,FWG3M,GBP_FWG3M,673,0.0015111,1/3/2023,0.997217657
1-Mar-21,GBP,FWG3M,GBP_FWG3M,702,0.001577766,2/1/2023,0.996970102
1-Mar-21,GBP,FWG3M,GBP_FWG3M,730,0.001649741,3/1/2023,0.996705954
1-Mar-21,GBP,FWG3M,GBP_FWG3M,763,0.001750957,4/3/2023,0.996346471
1-Mar-21,GBP,FWG3M,GBP_FWG3M,792,0.001825175,5/2/2023,0.996047453
1-Mar-21,GBP,FWG3M,GBP_FWG3M,822,0.001908403,6/1/2023,0.995711395
1-Mar-21,GBP,FWG3M,GBP_FWG3M,914,0.002183625,9/1/2023,0.994546885
1-Mar-21,GBP,FWG3M,GBP_FWG3M,1005,0.002465877,12/1/2023,0.993233392
1-Mar-21,GBP,FWG3M,GBP_FWG3M,1096,0.002750724,3/1/2024,0.99177431
1-Mar-21,GBP,FWG3M,GBP_FWG3M,1190,0.003041977,6/3/2024,0.990131341
1-Mar-21,GBP,FWG3M,GBP_FWG3M,1281,0.003319509,9/2/2024,0.988417487
1-Mar-21,GBP,FWG3M,GBP_FWG3M,1372,0.003590463,12/2/2024,0.98659446
1-Mar-21,GBP,FWG3M,GBP_FWG3M,1463,0.003854076,3/3/2025,0.984670725
1-Mar-21,GBP,FWG3M,GBP_FWG3M,1554,0.004109626,6/2/2025,0.982655309
1-Mar-21,GBP,FWG3M,GBP_FWG3M,1645,0.004356306,9/1/2025,0.980558263
1-Mar-21,GBP,FWG3M,GBP_FWG3M,1736,0.00459326,12/1/2025,0.978390601
1-Mar-21,GBP,FWG3M,GBP_FWG3M,1827,0.00481979,3/2/2026,0.976163331
1-Mar-21,GBP,FWG3M,GBP_FWG3M,1918,0.00503609,6/1/2026,0.973883476
1-Mar-21,GBP,FWG3M,GBP_FWG3M,2010,0.005245386,9/1/2026,0.97152765
1-Mar-21,GBP,FWG3M,GBP_FWG3M,2101,0.005445005,12/1/2026,0.969143733
1-Mar-21,GBP,FWG3M,GBP_FWG3M,2191,0.005637175,3/1/2027,0.966727627
1-Mar-21,GBP,FWG3M,GBP_FWG3M,2283,0.005829249,6/1/2027,0.964195932
1-Mar-21,GBP,FWG3M,GBP_FWG3M,2375,0.006017427,9/1/2027,0.961602141
1-Mar-21,GBP,FWG3M,GBP_FWG3M,2466,0.006199431,12/1/2027,0.958980657
1-Mar-21,GBP,FWG3M,GBP_FWG3M,2557,0.006376512,3/1/2028,0.956312512
1-Mar-21,GBP,FWG3M,GBP_FWG3M,2649,0.00655014,6/1/2028,0.953574362
1-Mar-21,GBP,FWG3M,GBP_FWG3M,2741,0.006718559,9/1/2028,0.950798028
1-Mar-21,GBP,FWG3M,GBP_FWG3M,2832,0.006880658,12/1/2028,0.948013659
1-Mar-21,GBP,FWG3M,GBP_FWG3M,2922,0.00703739,3/1/2029,0.945219897
1-Mar-21,GBP,FWG3M,GBP_FWG3M,3014,0.007194288,6/1/2029,0.942323091
1-Mar-21,GBP,FWG3M,GBP_FWG3M,3108,0.007351228,9/3/2029,0.939322685
1-Mar-21,GBP,FWG3M,GBP_FWG3M,3199,0.007499822,12/3/2029,0.936382422
1-Mar-21,GBP,FWG3M,GBP_FWG3M,3287,0.007639851,3/1/2030,0.933512874
1-Mar-21,GBP,FWG3M,GBP_FWG3M,3381,0.007784623,6/3/2030,0.930429405
1-Mar-21,GBP,FWG3M,GBP_FWG3M,3472,0.007919697,9/2/2030,0.927432963
1-Mar-21,GBP,FWG3M,GBP_FWG3M,3563,0.008049177,12/2/2030,0.924434386
1-Mar-21,GBP,FWG3M,GBP_FWG3M,3654,0.008172901,3/3/2031,0.921439115
1-Mar-21,GBP,FWG3M,GBP_FWG3M,3745,0.00829106,6/2/2031,0.918449326
1-Mar-21,GBP,FWG3M,GBP_FWG3M,3836,0.008403821,9/1/2031,0.915467236
1-Mar-21,GBP,FWG3M,GBP_FWG3M,3927,0.008511335,12/1/2031,0.912495033
1-Mar-21,GBP,FWG3M,GBP_FWG3M,4018,0.008613733,3/1/2032,0.909534944
1-Mar-21,GBP,FWG3M,GBP_FWG3M,4110,0.008712173,6/1/2032,0.906556922
1-Mar-21,GBP,FWG3M,GBP_FWG3M,4202,0.008805613,9/1/2032,0.903595826
1-Mar-21,GBP,FWG3M,GBP_FWG3M,4293,0.008893209,12/1/2032,0.900685846
1-Mar-21,GBP,FWG3M,GBP_FWG3M,4383,0.00897526,3/1/2033,0.89782789
1-Mar-21,GBP,FWG3M,GBP_FWG3M,4475,0.009054626,6/1/2033,0.894927838
1-Mar-21,GBP,FWG3M,GBP_FWG3M,4567,0.009129623,9/1/2033,0.89205022
1-Mar-21,GBP,FWG3M,GBP_FWG3M,4658,0.009199688,12/1/2033,0.889226635
1-Mar-21,GBP,FWG3M,GBP_FWG3M,4748,0.009265125,3/1/2034,0.886456897
1-Mar-21,GBP,FWG3M,GBP_FWG3M,4840,0.009328227,6/1/2034,0.883649454
1-Mar-21,GBP,FWG3M,GBP_FWG3M,4932,0.009387654,9/1/2034,0.880866616
1-Mar-21,GBP,FWG3M,GBP_FWG3M,5023,0.009442975,12/1/2034,0.878138577
1-Mar-21,GBP,FWG3M,GBP_FWG3M,5113,0.00949445,3/1/2035,0.875464793
1-Mar-21,GBP,FWG3M,GBP_FWG3M,5205,0.009543897,6/1/2035,0.872756588
1-Mar-21,GBP,FWG3M,GBP_FWG3M,5299,0.009591257,9/3/2035,0.870015699
1-Mar-21,GBP,FWG3M,GBP_FWG3M,5390,0.009634183,12/3/2035,0.867387751
1-Mar-21,GBP,FWG3M,GBP_FWG3M,5481,0.009674385,3/3/2036,0.864784615
1-Mar-21,GBP,FWG3M,GBP_FWG3M,5572,0.009711992,6/2/2036,0.862206158
1-Mar-21,GBP,FWG3M,GBP_FWG3M,5663,0.009747131,9/1/2036,0.859652185
1-Mar-21,GBP,FWG3M,GBP_FWG3M,5754,0.009779923,12/1/2036,0.857122481
1-Mar-21,GBP,FWG3M,GBP_FWG3M,5845,0.009810479,3/2/2037,0.854616833
1-Mar-21,GBP,FWG3M,GBP_FWG3M,5936,0.00983891,6/1/2037,0.852134991
1-Mar-21,GBP,FWG3M,GBP_FWG3M,6028,0.009865601,9/1/2037,0.849649749
1-Mar-21,GBP,FWG3M,GBP_FWG3M,6119,0.009890064,12/1/2037,0.847214955
1-Mar-21,GBP,FWG3M,GBP_FWG3M,6209,0.009912459,3/1/2038,0.844829508
1-Mar-21,GBP,FWG3M,GBP_FWG3M,6301,0.009933604,6/1/2038,0.8424138
1-Mar-21,GBP,FWG3M,GBP_FWG3M,6393,0.009953063,9/1/2038,0.840020835
1-Mar-21,GBP,FWG3M,GBP_FWG3M,6484,0.009970738,12/1/2038,0.8376759
1-Mar-21,GBP,FWG3M,GBP_FWG3M,6574,0.009986757,3/1/2039,0.835377905
1-Mar-21,GBP,FWG3M,GBP_FWG3M,6666,0.01000172,6/1/2039,0.833050047
1-Mar-21,GBP,FWG3M,GBP_FWG3M,6758,0.010015327,9/1/2039,0.830743271
1-Mar-21,GBP,FWG3M,GBP_FWG3M,6849,0.010027524,12/1/2039,0.828481887
1-Mar-21,GBP,FWG3M,GBP_FWG3M,6940,0.010038539,3/1/2040,0.826240197
1-Mar-21,GBP,FWG3M,GBP_FWG3M,7032,0.010048547,6/1/2040,0.823993349
1-Mar-21,GBP,FWG3M,GBP_FWG3M,7126,0.010057673,9/3/2040,0.821717309
1-Mar-21,GBP,FWG3M,GBP_FWG3M,7217,0.010065506,12/3/2040,0.819532475
1-Mar-21,GBP,FWG3M,GBP_FWG3M,7305,0.010072203,3/1/2041,0.817436523
1-Mar-21,GBP,FWG3M,GBP_FWG3M,7399,0.01007848,6/3/2041,0.81521515
1-Mar-21,GBP,FWG3M,GBP_FWG3M,7490,0.01008373,9/2/2041,0.813081712
1-Mar-21,GBP,FWG3M,GBP_FWG3M,7581,0.01008822,12/2/2041,0.810964544
1-Mar-21,GBP,FWG3M,GBP_FWG3M,7672,0.010091991,3/3/2042,0.808863289
1-Mar-21,GBP,FWG3M,GBP_FWG3M,7763,0.010095082,6/2/2042,0.806777649
1-Mar-21,GBP,FWG3M,GBP_FWG3M,7854,0.010097524,9/1/2042,0.804707373
1-Mar-21,GBP,FWG3M,GBP_FWG3M,7945,0.010099347,12/1/2042,0.802652249
1-Mar-21,GBP,FWG3M,GBP_FWG3M,8036,0.010100575,3/2/2043,0.80061213
1-Mar-21,GBP,FWG3M,GBP_FWG3M,8127,0.01010123,6/1/2043,0.798586887
1-Mar-21,GBP,FWG3M,GBP_FWG3M,8219,0.010101331,9/1/2043,0.796554418
1-Mar-21,GBP,FWG3M,GBP_FWG3M,8310,0.010100887,12/1/2043,0.794558923
1-Mar-21,GBP,FWG3M,GBP_FWG3M,8401,0.010099915,3/1/2044,0.792578223
1-Mar-21,GBP,FWG3M,GBP_FWG3M,8493,0.010098407,6/1/2044,0.790590841
1-Mar-21,GBP,FWG3M,GBP_FWG3M,8585,0.010096375,9/1/2044,0.788618753
1-Mar-21,GBP,FWG3M,GBP_FWG3M,8676,0.010093853,12/1/2044,0.786683323
1-Mar-21,GBP,FWG3M,GBP_FWG3M,8766,0.010090857,3/1/2045,0.78478425
1-Mar-21,GBP,FWG3M,GBP_FWG3M,8858,0.010087284,6/1/2045,0.782858612
1-Mar-21,GBP,FWG3M,GBP_FWG3M,8950,0.010083187,9/1/2045,0.780949127
1-Mar-21,GBP,FWG3M,GBP_FWG3M,9041,0.010078613,12/1/2045,0.779076638
1-Mar-21,GBP,FWG3M,GBP_FWG3M,9131,0.010073571,3/1/2046,0.777240952
1-Mar-21,GBP,FWG3M,GBP_FWG3M,9223,0.010067888,6/1/2046,0.775381315
1-Mar-21,GBP,FWG3M,GBP_FWG3M,9317,0.010061526,9/3/2046,0.77349909
1-Mar-21,GBP,FWG3M,GBP_FWG3M,9408,0.010054821,12/3/2046,0.771694559
1-Mar-21,GBP,FWG3M,GBP_FWG3M,9496,0.010047829,3/1/2047,0.769966161
1-Mar-21,GBP,FWG3M,GBP_FWG3M,9590,0.010039836,6/3/2047,0.768137616
1-Mar-21,GBP,FWG3M,GBP_FWG3M,9681,0.010031568,9/2/2047,0.766385357
1-Mar-21,GBP,FWG3M,GBP_FWG3M,9772,0.010022794,12/2/2047,0.7646506
1-Mar-21,GBP,FWG3M,GBP_FWG3M,9863,0.010013527,3/2/2048,0.762933282
1-Mar-21,GBP,FWG3M,GBP_FWG3M,9954,0.010003779,6/1/2048,0.761233304
1-Mar-21,GBP,FWG3M,GBP_FWG3M,10046,0.009993455,9/1/2048,0.759532058
1-Mar-21,GBP,FWG3M,GBP_FWG3M,10137,0.00998279,12/1/2048,0.757866467
1-Mar-21,GBP,FWG3M,GBP_FWG3M,10227,0.009971818,3/1/2049,0.75623572
1-Mar-21,GBP,FWG3M,GBP_FWG3M,10319,0.009960193,6/1/2049,0.754585306
1-Mar-21,GBP,FWG3M,GBP_FWG3M,10411,0.009948172,9/1/2049,0.752951428
1-Mar-21,GBP,FWG3M,GBP_FWG3M,10502,0.009935912,12/1/2049,0.751351238
1-Mar-21,GBP,FWG3M,GBP_FWG3M,10592,0.00992345,3/1/2050,0.749783804
1-Mar-21,GBP,FWG3M,GBP_FWG3M,10684,0.009910398,6/1/2050,0.748196547
1-Mar-21,GBP,FWG3M,GBP_FWG3M,10776,0.009897052,9/1/2050,0.74662403
1-Mar-21,GBP,FWG3M,GBP_FWG3M,10867,0.009883589,12/1/2050,0.745082609
1-Mar-21,GBP,FWG3M,GBP_FWG3M,10957,0.009870064,3/1/2051,0.743570864
1-Mar-21,GBP,FWG3M,GBP_FWG3M,11049,0.009856037,6/1/2051,0.742038324
1-Mar-21,GBP,FWG3M,GBP_FWG3M,11141,0.009841815,9/1/2051,0.740518591
1-Mar-21,GBP,FWG3M,GBP_FWG3M,11232,0.009827563,12/1/2051,0.739027836
1-Mar-21,GBP,FWG3M,GBP_FWG3M,11323,0.009813141,3/1/2052,0.737549221
1-Mar-21,GBP,FWG3M,GBP_FWG3M,11417,0.009798078,6/3/2052,0.736034324
1-Mar-21,GBP,FWG3M,GBP_FWG3M,11508,0.009783338,9/2/2052,0.734579849
1-Mar-21,GBP,FWG3M,GBP_FWG3M,11599,0.009768454,12/2/2052,0.733136967
1-Mar-21,GBP,FWG3M,GBP_FWG3M,11690,0.009753436,3/3/2053,0.731705494
1-Mar-21,GBP,FWG3M,GBP_FWG3M,11781,0.009738293,6/2/2053,0.730285249
1-Mar-21,GBP,FWG3M,GBP_FWG3M,11872,0.009723032,9/1/2053,0.728876048
1-Mar-21,GBP,FWG3M,GBP_FWG3M,11963,0.00970766,12/1/2053,0.727477731
1-Mar-21,GBP,FWG3M,GBP_FWG3M,12054,0.009692187,3/2/2054,0.7260901
1-Mar-21,GBP,FWG3M,GBP_FWG3M,12145,0.009676619,6/1/2054,0.724712997
1-Mar-21,GBP,FWG3M,GBP_FWG3M,12237,0.009660793,9/1/2054,0.723331237
1-Mar-21,GBP,FWG3M,GBP_FWG3M,12328,0.009645057,12/1/2054,0.721974763
1-Mar-21,GBP,FWG3M,GBP_FWG3M,12418,0.00962942,3/1/2055,0.720643062
1-Mar-21,GBP,FWG3M,GBP_FWG3M,12510,0.00961337,6/1/2055,0.719291645
1-Mar-21,GBP,FWG3M,GBP_FWG3M,12602,0.009597258,9/1/2055,0.717950114
1-Mar-21,GBP,FWG3M,GBP_FWG3M,12693,0.009581266,12/1/2055,0.716632728
1-Mar-21,GBP,FWG3M,GBP_FWG3M,12784,0.009565225,3/1/2056,0.715324685
1-Mar-21,GBP,FWG3M,GBP_FWG3M,12876,0.009548966,6/1/2056,0.714011551
1-Mar-21,GBP,FWG3M,GBP_FWG3M,12968,0.00953267,9/1/2056,0.712707624
1-Mar-21,GBP,FWG3M,GBP_FWG3M,13059,0.009516518,12/1/2056,0.711426787
1-Mar-21,GBP,FWG3M,GBP_FWG3M,13149,0.009500518,3/1/2057,0.710168586
1-Mar-21,GBP,FWG3M,GBP_FWG3M,13241,0.009484143,6/1/2057,0.708890993
1-Mar-21,GBP,FWG3M,GBP_FWG3M,13335,0.009467397,9/3/2057,0.707594409
1-Mar-21,GBP,FWG3M,GBP_FWG3M,13426,0.009451173,12/3/2057,0.706347617
1-Mar-21,GBP,FWG3M,GBP_FWG3M,13514,0.009435476,3/1/2058,0.705149634
1-Mar-21,GBP,FWG3M,GBP_FWG3M,13608,0.009418712,6/3/2058,0.703878006
1-Mar-21,GBP,FWG3M,GBP_FWG3M,13699,0.009402485,9/2/2058,0.702654882
1-Mar-21,GBP,FWG3M,GBP_FWG3M,13790,0.009386266,12/2/2058,0.701439348
1-Mar-21,GBP,FWG3M,GBP_FWG3M,13881,0.009370059,3/3/2059,0.700231249
1-Mar-21,GBP,FWG3M,GBP_FWG3M,13972,0.00935387,6/2/2059,0.699030433
1-Mar-21,GBP,FWG3M,GBP_FWG3M,14063,0.009337701,9/1/2059,0.697836748
1-Mar-21,GBP,FWG3M,GBP_FWG3M,14154,0.009321556,12/1/2059,0.69665006
1-Mar-21,GBP,FWG3M,GBP_FWG3M,14245,0.00930544,3/1/2060,0.69547022
1-Mar-21,GBP,FWG3M,GBP_FWG3M,14337,0.009289179,6/1/2060,0.694284208
1-Mar-21,GBP,FWG3M,GBP_FWG3M,14429,0.009272956,9/1/2060,0.693104893
1-Mar-21,GBP,FWG3M,GBP_FWG3M,14520,0.009256949,12/1/2060,0.691944851
1-Mar-21,GBP,FWG3M,GBP_FWG3M,14610,0.009241158,3/1/2061,0.690803742
1-Mar-21,GBP,FWG3M,GBP_FWG3M,14702,0.009225065,6/1/2061,0.689643441
1-Mar-21,GBP,FWG3M,GBP_FWG3M,14794,0.009209022,9/1/2061,0.688489263
1-Mar-21,GBP,FWG3M,GBP_FWG3M,14885,0.009193207,12/1/2061,0.687353525
1-Mar-21,GBP,FWG3M,GBP_FWG3M,14975,0.009177619,3/1/2062,0.686235917
1-Mar-21,GBP,FWG3M,GBP_FWG3M,15067,0.009161743,6/1/2062,0.685099131
1-Mar-21,GBP,FWG3M,GBP_FWG3M,15159,0.009145929,9/1/2062,0.683967962
1-Mar-21,GBP,FWG3M,GBP_FWG3M,15250,0.009130349,12/1/2062,0.682854486
1-Mar-21,GBP,FWG3M,GBP_FWG3M,15340,0.009115004,3/1/2063,0.681758443
1-Mar-21,GBP,FWG3M,GBP_FWG3M,15432,0.009099385,6/1/2063,0.680643221
1-Mar-21,GBP,FWG3M,GBP_FWG3M,15526,0.0090835,9/3/2063,0.679509066
1-Mar-21,GBP,FWG3M,GBP_FWG3M,15617,0.009068192,12/3/2063,0.678416155
1-Mar-21,GBP,FWG3M,GBP_FWG3M,15708,0.009052955,3/3/2064,0.677328087
1-Mar-21,GBP,FWG3M,GBP_FWG3M,15799,0.009037792,6/2/2064,0.676244761
1-Mar-21,GBP,FWG3M,GBP_FWG3M,15890,0.009022703,9/1/2064,0.675166091
1-Mar-21,GBP,FWG3M,GBP_FWG3M,15981,0.009007689,12/1/2064,0.674091995
1-Mar-21,GBP,FWG3M,GBP_FWG3M,16072,0.008992751,3/2/2065,0.673022371
1-Mar-21,GBP,FWG3M,GBP_FWG3M,16163,0.008977891,6/1/2065,0.671957154
1-Mar-21,GBP,FWG3M,GBP_FWG3M,16255,0.008962947,9/1/2065,0.670884623
1-Mar-21,GBP,FWG3M,GBP_FWG3M,16346,0.008948245,12/1/2065,0.669828025
1-Mar-21,GBP,FWG3M,GBP_FWG3M,16436,0.008933782,3/1/2066,0.668787152
1-Mar-21,GBP,FWG3M,GBP_FWG3M,16528,0.008919079,6/1/2066,0.667727292
1-Mar-21,GBP,FWG3M,GBP_FWG3M,16620,0.008904458,9/1/2066,0.666671561
1-Mar-21,GBP,FWG3M,GBP_FWG3M,16711,0.008890076,12/1/2066,0.665631325
1-Mar-21,GBP,FWG3M,GBP_FWG3M,16801,0.008875931,3/1/2067,0.664606382
1-Mar-21,GBP,FWG3M,GBP_FWG3M,16893,0.008861554,6/1/2067,0.663562549
1-Mar-21,GBP,FWG3M,GBP_FWG3M,16985,0.00884726,9/1/2067,0.662522623
1-Mar-21,GBP,FWG3M,GBP_FWG3M,17076,0.008833202,12/1/2067,0.661497785
1-Mar-21,GBP,FWG3M,GBP_FWG3M,17167,0.008819224,3/1/2068,0.66047667
1-Mar-21,GBP,FWG3M,GBP_FWG3M,17259,0.008805174,6/1/2068,0.659448069
1-Mar-21,GBP,FWG3M,GBP_FWG3M,17353,0.008790903,9/3/2068,0.658400946
1-Mar-21,GBP,FWG3M,GBP_FWG3M,17444,0.008777168,12/3/2068,0.657390895
1-Mar-21,GBP,FWG3M,GBP_FWG3M,17532,0.008763959,3/1/2069,0.656417551
1-Mar-21,GBP,FWG3M,GBP_FWG3M,17626,0.008749932,6/3/2069,0.655381476
1-Mar-21,GBP,FWG3M,GBP_FWG3M,17717,0.008736431,9/2/2069,0.654382036
1-Mar-21,GBP,FWG3M,GBP_FWG3M,17808,0.008723006,12/2/2069,0.653386071
1-Mar-21,GBP,FWG3M,GBP_FWG3M,17899,0.008709657,3/3/2070,0.652393571
1-Mar-21,GBP,FWG3M,GBP_FWG3M,17990,0.008696383,6/2/2070,0.651404509
1-Mar-21,GBP,FWG3M,GBP_FWG3M,18081,0.008683183,9/1/2070,0.650418857
1-Mar-21,GBP,FWG3M,GBP_FWG3M,18172,0.008670056,12/1/2070,0.649436619
1-Mar-21,GBP,FWG3M,GBP_FWG3M,18263,0.00865706,3/2/2071,0.648455866
1-Mar-21,GBP,LIB6M,GBP_LIB6M,1,0.00091359,3/2/2021,0.999997497
1-Mar-21,GBP,LIB6M,GBP_LIB6M,2,0.00091359,3/3/2021,0.999994994
1-Mar-21,GBP,LIB6M,GBP_LIB6M,3,0.00091359,3/4/2021,0.999992491
1-Mar-21,GBP,LIB6M,GBP_LIB6M,4,0.00091359,3/5/2021,0.999989988
1-Mar-21,GBP,LIB6M,GBP_LIB6M,7,0.00091359,3/8/2021,0.999982479
1-Mar-21,GBP,LIB6M,GBP_LIB6M,14,0.00091359,3/15/2021,0.999964959
1-Mar-21,GBP,LIB6M,GBP_LIB6M,21,0.00091359,3/22/2021,0.999947439
1-Mar-21,GBP,LIB6M,GBP_LIB6M,31,0.00091359,4/1/2021,0.99992241
1-Mar-21,GBP,LIB6M,GBP_LIB6M,64,0.00091359,5/4/2021,0.999839822
1-Mar-21,GBP,LIB6M,GBP_LIB6M,92,0.00091359,6/1/2021,0.999769752
1-Mar-21,GBP,LIB6M,GBP_LIB6M,122,0.00091359,7/1/2021,0.999694682
1-Mar-21,GBP,LIB6M,GBP_LIB6M,154,0.00091359,8/2/2021,0.999614614
1-Mar-21,GBP,LIB6M,GBP_LIB6M,184,0.00091359,9/1/2021,0.999539557
1-Mar-21,GBP,LIB6M,GBP_LIB6M,214,0.00088153,10/1/2021,0.999483291
1-Mar-21,GBP,LIB6M,GBP_LIB6M,245,0.00085516,11/1/2021,0.999426153
1-Mar-21,GBP,LIB6M,GBP_LIB6M,275,0.0008427,12/1/2021,0.999365291
1-Mar-21,GBP,LIB6M,GBP_LIB6M,309,0.0008515,1/4/2022,0.999279401
1-Mar-21,GBP,LIB6M,GBP_LIB6M,337,0.0008852,2/1/2022,0.99918304
1-Mar-21,GBP,LIB6M,GBP_LIB6M,365,0.00094641,3/1/2022,0.999054038
1-Mar-21,GBP,LIB6M,GBP_LIB6M,457,0.0013313,6/1/2022,0.998334528
1-Mar-21,GBP,LIB6M,GBP_LIB6M,549,0.0018087,9/1/2022,0.997283214
1-Mar-21,GBP,LIB6M,GBP_LIB6M,640,0.0021781,12/1/2022,0.996188149
1-Mar-21,GBP,LIB6M,GBP_LIB6M,730,0.0024905,3/1/2023,0.995031385
1-Mar-21,GBP,LIB6M,GBP_LIB6M,1096,0.0038439,3/1/2024,0.988524125
1-Mar-21,GBP,LIB6M,GBP_LIB6M,1463,0.0050705,3/3/2025,0.979881459
1-Mar-21,GBP,LIB6M,GBP_LIB6M,1827,0.0061099,3/2/2026,0.969879949
1-Mar-21,GBP,LIB6M,GBP_LIB6M,2191,0.006981,3/1/2027,0.958960757
1-Mar-21,GBP,LIB6M,GBP_LIB6M,2557,0.0077542,3/1/2028,0.947127188
1-Mar-21,GBP,LIB6M,GBP_LIB6M,2922,0.0084493,3/1/2029,0.934596216
1-Mar-21,GBP,LIB6M,GBP_LIB6M,3287,0.0090759,3/1/2030,0.921518127
1-Mar-21,GBP,LIB6M,GBP_LIB6M,3654,0.0096333,3/3/2031,0.908065678
1-Mar-21,GBP,LIB6M,GBP_LIB6M,4018,0.0100951,3/1/2032,0.894823244
1-Mar-21,GBP,LIB6M,GBP_LIB6M,4383,0.0104725,3/1/2033,0.881829921
1-Mar-21,GBP,LIB6M,GBP_LIB6M,4748,0.0107736,3/1/2034,0.869231883
1-Mar-21,GBP,LIB6M,GBP_LIB6M,5113,0.0110106,3/1/2035,0.857067245
1-Mar-21,GBP,LIB6M,GBP_LIB6M,5481,0.0111963,3/3/2036,0.845245172
1-Mar-21,GBP,LIB6M,GBP_LIB6M,5845,0.0113371,3/2/2037,0.833977461
1-Mar-21,GBP,LIB6M,GBP_LIB6M,6209,0.0114431,3/1/2038,0.82311603
1-Mar-21,GBP,LIB6M,GBP_LIB6M,6574,0.0115211,3/1/2039,0.812608318
1-Mar-21,GBP,LIB6M,GBP_LIB6M,6940,0.0115762,3/1/2040,0.802433432
1-Mar-21,GBP,LIB6M,GBP_LIB6M,7305,0.0116128,3/1/2041,0.792617056
1-Mar-21,GBP,LIB6M,GBP_LIB6M,7672,0.011635,3/3/2042,0.783050463
1-Mar-21,GBP,LIB6M,GBP_LIB6M,8036,0.0116454,3/2/2043,0.773839933
1-Mar-21,GBP,LIB6M,GBP_LIB6M,8401,0.0116463,3/1/2044,0.764864683
1-Mar-21,GBP,LIB6M,GBP_LIB6M,8766,0.0116384,3/1/2045,0.756151961
1-Mar-21,GBP,LIB6M,GBP_LIB6M,9131,0.0116221,3/1/2046,0.747707404
1-Mar-21,GBP,LIB6M,GBP_LIB6M,9496,0.0115972,3/1/2047,0.739546707
1-Mar-21,GBP,LIB6M,GBP_LIB6M,9863,0.0115637,3/2/2048,0.731635126
1-Mar-21,GBP,LIB6M,GBP_LIB6M,10227,0.0115227,3/1/2049,0.724077692
1-Mar-21,GBP,LIB6M,GBP_LIB6M,10592,0.0114749,3/1/2050,0.716775809
1-Mar-21,GBP,LIB6M,GBP_LIB6M,10957,0.011422,3/1/2051,0.709724046
1-Mar-21,GBP,LIB6M,GBP_LIB6M,11323,0.0113654,3/1/2052,0.702874795
1-Mar-21,GBP,LIB6M,GBP_LIB6M,11690,0.0113057,3/3/2053,0.696218212
1-Mar-21,GBP,LIB6M,GBP_LIB6M,12054,0.0112442,3/2/2054,0.689812226
1-Mar-21,GBP,LIB6M,GBP_LIB6M,12418,0.0111812,3/1/2055,0.683583908
1-Mar-21,GBP,LIB6M,GBP_LIB6M,12784,0.0111166,3/1/2056,0.677493644
1-Mar-21,GBP,LIB6M,GBP_LIB6M,13149,0.0110514,3/1/2057,0.671579485
1-Mar-21,GBP,LIB6M,GBP_LIB6M,13514,0.0109858,3/1/2058,0.66581363
1-Mar-21,GBP,LIB6M,GBP_LIB6M,13881,0.0109199,3/3/2059,0.660151917
1-Mar-21,GBP,LIB6M,GBP_LIB6M,14245,0.0108548,3/1/2060,0.654663057
1-Mar-21,GBP,LIB6M,GBP_LIB6M,14610,0.01079,3/1/2061,0.649277147
1-Mar-21,GBP,LIB6M,GBP_LIB6M,14975,0.010726,3/1/2062,0.643997868
1-Mar-21,GBP,LIB6M,GBP_LIB6M,15340,0.010663,3/1/2063,0.638816434
1-Mar-21,GBP,LIB6M,GBP_LIB6M,15708,0.0106006,3/3/2064,0.633684961
1-Mar-21,GBP,LIB6M,GBP_LIB6M,16072,0.0105401,3/2/2065,0.628693813
1-Mar-21,GBP,LIB6M,GBP_LIB6M,16436,0.0104809,3/1/2066,0.623780732
1-Mar-21,GBP,LIB6M,GBP_LIB6M,16801,0.010423,3/1/2067,0.618924418
1-Mar-21,GBP,LIB6M,GBP_LIB6M,17167,0.0103662,3/1/2068,0.614127814
1-Mar-21,GBP,LIB6M,GBP_LIB6M,17532,0.0103109,3/1/2069,0.609411106
1-Mar-21,GBP,LIB6M,GBP_LIB6M,17899,0.0102567,3/3/2070,0.604730903
1-Mar-21,GBP,LIB6M,GBP_LIB6M,18263,0.0102043,3/2/2071,0.600148328
1-Mar-21,GBP,USCSA,GBP_USCSA,1,-0.00042627,3/2/2021,1.000001168
1-Mar-21,GBP,USCSA,GBP_USCSA,2,-0.00042982,3/3/2021,1.000002355
1-Mar-21,GBP,USCSA,GBP_USCSA,3,-0.00043604,3/4/2021,1.000003584
1-Mar-21,GBP,USCSA,GBP_USCSA,4,-0.00044492,3/5/2021,1.000004876
1-Mar-21,GBP,USCSA,GBP_USCSA,7,-0.00048752,3/8/2021,1.00000935
1-Mar-21,GBP,USCSA,GBP_USCSA,14,-0.00061385,3/15/2021,1.000023545
1-Mar-21,GBP,USCSA,GBP_USCSA,21,-0.00044227,3/22/2021,1.000025446
1-Mar-21,GBP,USCSA,GBP_USCSA,31,-0.0013006,4/1/2021,1.000110468
1-Mar-21,GBP,USCSA,GBP_USCSA,63,-0.00092989,5/3/2021,1.000160514
1-Mar-21,GBP,USCSA,GBP_USCSA,92,-0.00064791,6/1/2021,1.000163322
1-Mar-21,GBP,USCSA,GBP_USCSA,122,-0.00060127,7/1/2021,1.000200993
1-Mar-21,GBP,USCSA,GBP_USCSA,154,-0.00046508,8/2/2021,1.000196245
1-Mar-21,GBP,USCSA,GBP_USCSA,184,-0.00035784,9/1/2021,1.000180407
1-Mar-21,GBP,USCSA,GBP_USCSA,214,-0.00034258,10/1/2021,1.000200875
1-Mar-21,GBP,USCSA,GBP_USCSA,245,-0.00029266,11/1/2021,1.000196462
1-Mar-21,GBP,USCSA,GBP_USCSA,275,-0.00021009,12/1/2021,1.0001583
1-Mar-21,GBP,USCSA,GBP_USCSA,308,-0.00061003,1/3/2022,1.000514898
1-Mar-21,GBP,USCSA,GBP_USCSA,337,-0.00055455,2/1/2022,1.00051214
1-Mar-21,GBP,USCSA,GBP_USCSA,365,-0.00045769,3/1/2022,1.000457795
1-Mar-21,GBP,USCSA,GBP_USCSA,457,-0.00026763,6/1/2022,1.000335144
1-Mar-21,GBP,USCSA,GBP_USCSA,549,-9.95E-05,9/1/2022,1.000149703
1-Mar-21,GBP,USCSA,GBP_USCSA,640,5.77E-05,12/1/2022,0.999898894
1-Mar-21,GBP,USCSA,GBP_USCSA,730,0.00022006,3/1/2023,0.999559977
1-Mar-21,GBP,USCSA,GBP_USCSA,1096,0.001133,3/1/2024,0.996603676
1-Mar-21,GBP,USCSA,GBP_USCSA,1463,0.0020769,3/3/2025,0.991709884
1-Mar-21,GBP,USCSA,GBP_USCSA,1827,0.0029299,3/2/2026,0.985441461
1-Mar-21,GBP,USCSA,GBP_USCSA,2191,0.0036967,3/1/2027,0.978054066
1-Mar-21,GBP,USCSA,GBP_USCSA,2557,0.004385,3/1/2028,0.969748007
1-Mar-21,GBP,USCSA,GBP_USCSA,2922,0.005038,3/1/2029,0.960470889
1-Mar-21,GBP,USCSA,GBP_USCSA,3287,0.0056195,3/1/2030,0.950652877
1-Mar-21,GBP,USCSA,GBP_USCSA,3654,0.0061178,3/3/2031,0.940592725
1-Mar-21,GBP,USCSA,GBP_USCSA,4018,0.0065149,3/1/2032,0.930793857
1-Mar-21,GBP,USCSA,GBP_USCSA,4383,0.0068444,3/1/2033,0.921097804
1-Mar-21,GBP,USCSA,GBP_USCSA,4748,0.0070921,3/1/2034,0.911872053
1-Mar-21,GBP,USCSA,GBP_USCSA,5113,0.0072784,3/1/2035,0.903068001
1-Mar-21,GBP,USCSA,GBP_USCSA,5481,0.0073739,3/3/2036,0.89518067
1-Mar-21,GBP,USCSA,GBP_USCSA,5845,0.0074088,3/2/2037,0.888125435
1-Mar-21,GBP,USCSA,GBP_USCSA,6209,0.0074367,3/1/2038,0.881169393
1-Mar-21,GBP,USCSA,GBP_USCSA,6574,0.0074611,3/1/2039,0.874256415
1-Mar-21,GBP,USCSA,GBP_USCSA,6940,0.0074851,3/1/2040,0.867344152
1-Mar-21,GBP,USCSA,GBP_USCSA,7305,0.0075117,3/1/2041,0.860418053
1-Mar-21,GBP,USCSA,GBP_USCSA,7672,0.0075417,3/3/2042,0.853405609
1-Mar-21,GBP,USCSA,GBP_USCSA,8036,0.0075666,3/2/2043,0.846546978
1-Mar-21,GBP,USCSA,GBP_USCSA,8401,0.0075791,3/1/2044,0.839923983
1-Mar-21,GBP,USCSA,GBP_USCSA,8766,0.0075733,3/1/2045,0.8336983
1-Mar-21,GBP,USCSA,GBP_USCSA,9131,0.0075452,3/1/2046,0.827990142
1-Mar-21,GBP,USCSA,GBP_USCSA,9496,0.0074957,3/1/2047,0.822825264
1-Mar-21,GBP,USCSA,GBP_USCSA,9863,0.0074408,3/2/2048,0.817859526
1-Mar-21,GBP,USCSA,GBP_USCSA,10227,0.0073988,3/1/2049,0.812769039
1-Mar-21,GBP,USCSA,GBP_USCSA,10592,0.0073844,3/1/2050,0.807114919
1-Mar-21,GBP,USCSA,GBP_USCSA,10957,0.0074111,3/1/2051,0.800534915
1-Mar-21,GBP,USCSA,GBP_USCSA,11323,0.0074696,3/1/2052,0.793167134
1-Mar-21,GBP,USCSA,GBP_USCSA,11690,0.0075411,3/3/2053,0.785431677
1-Mar-21,GBP,USCSA,GBP_USCSA,12054,0.007623,3/2/2054,0.777441434
1-Mar-21,GBP,USCSA,GBP_USCSA,12418,0.0077145,3/1/2055,0.769155526
1-Mar-21,GBP,USCSA,GBP_USCSA,12784,0.0078153,3/1/2056,0.760538757
1-Mar-21,GBP,USCSA,GBP_USCSA,13149,0.0079236,3/1/2057,0.7516797
1-Mar-21,GBP,USCSA,GBP_USCSA,13514,0.008039,3/1/2058,0.742567709
1-Mar-21,GBP,USCSA,GBP_USCSA,13881,0.0081616,3/3/2059,0.733163339
1-Mar-21,GBP,USCSA,GBP_USCSA,14245,0.0082894,3/1/2060,0.72360204
1-Mar-21,GBP,USCSA,GBP_USCSA,14610,0.0084234,3/1/2061,0.713789785
1-Mar-21,GBP,USCSA,GBP_USCSA,14975,0.0087485,3/1/2062,0.698424507
1-Mar-21,GBP,USCSA,GBP_USCSA,15340,0.0090693,3/1/2063,0.683069222
1-Mar-21,GBP,USCSA,GBP_USCSA,15708,0.0093875,3/3/2064,0.667646225
1-Mar-21,GBP,USCSA,GBP_USCSA,16072,0.0096972,3/2/2065,0.652466415
1-Mar-21,GBP,USCSA,GBP_USCSA,16436,0.0100018,3/1/2066,0.637384354
1-Mar-21,GBP,USCSA,GBP_USCSA,16801,0.0103019,3/1/2067,0.62238409
1-Mar-21,GBP,USCSA,GBP_USCSA,17167,0.0105974,3/1/2068,0.607485965
1-Mar-21,GBP,USCSA,GBP_USCSA,17532,0.0108865,3/1/2069,0.59279306
1-Mar-21,GBP,USCSA,GBP_USCSA,17899,0.0111713,3/3/2070,0.578207668
1-Mar-21,GBP,USCSA,GBP_USCSA,18263,0.0114477,3/2/2071,0.563948284
1-Mar-21,USD,EUCSA,USD_EUCSA,1,0.0026282,3/2/2021,0.999992799
1-Mar-21,USD,EUCSA,USD_EUCSA,2,0.0026241,3/3/2021,0.999985621
1-Mar-21,USD,EUCSA,USD_EUCSA,3,0.0026242,3/4/2021,0.999978431
1-Mar-21,USD,EUCSA,USD_EUCSA,4,0.0026285,3/5/2021,0.999971195
1-Mar-21,USD,EUCSA,USD_EUCSA,7,0.002666,3/8/2021,0.999948873
1-Mar-21,USD,EUCSA,USD_EUCSA,16,0.0027593,3/17/2021,0.999879052
1-Mar-21,USD,EUCSA,USD_EUCSA,23,0.0027617,3/24/2021,0.99982599
1-Mar-21,USD,EUCSA,USD_EUCSA,35,0.003609,4/5/2021,0.999653991
1-Mar-21,USD,EUCSA,USD_EUCSA,63,0.0033386,5/3/2021,0.999423914
1-Mar-21,USD,EUCSA,USD_EUCSA,94,0.003171,6/3/2021,0.999183692
1-Mar-21,USD,EUCSA,USD_EUCSA,126,0.0031842,7/5/2021,0.998901401
1-Mar-21,USD,EUCSA,USD_EUCSA,155,0.0031127,8/3/2021,0.998679042
1-Mar-21,USD,EUCSA,USD_EUCSA,186,0.0030434,9/3/2021,0.998450319
1-Mar-21,USD,EUCSA,USD_EUCSA,217,0.0030593,10/4/2021,0.998182836
1-Mar-21,USD,EUCSA,USD_EUCSA,247,0.0030148,11/3/2021,0.997961927
1-Mar-21,USD,EUCSA,USD_EUCSA,277,0.0029769,12/3/2021,0.997743368
1-Mar-21,USD,EUCSA,USD_EUCSA,308,0.0033919,1/3/2022,0.997141886
1-Mar-21,USD,EUCSA,USD_EUCSA,339,0.003325,2/3/2022,0.996916613
1-Mar-21,USD,EUCSA,USD_EUCSA,367,0.0032792,3/3/2022,0.996708261
1-Mar-21,USD,EUCSA,USD_EUCSA,459,0.0032199,6/3/2022,0.995959052
1-Mar-21,USD,EUCSA,USD_EUCSA,553,0.0032615,9/5/2022,0.995070793
1-Mar-21,USD,EUCSA,USD_EUCSA,644,0.0033724,12/5/2022,0.99406746
1-Mar-21,USD,EUCSA,USD_EUCSA,732,0.0035614,3/3/2023,0.992883131
1-Mar-21,USD,EUCSA,USD_EUCSA,1099,0.0051123,3/4/2024,0.98472494
1-Mar-21,USD,EUCSA,USD_EUCSA,1463,0.0072994,3/3/2025,0.971166265
1-Mar-21,USD,EUCSA,USD_EUCSA,1828,0.0094032,3/3/2026,0.953998398
1-Mar-21,USD,EUCSA,USD_EUCSA,2193,0.0114023,3/3/2027,0.93378644
1-Mar-21,USD,EUCSA,USD_EUCSA,2559,0.0131161,3/3/2028,0.912144883
1-Mar-21,USD,EUCSA,USD_EUCSA,2926,0.0145478,3/5/2029,0.889921928
1-Mar-21,USD,EUCSA,USD_EUCSA,3290,0.0157419,3/4/2030,0.86771432
1-Mar-21,USD,EUCSA,USD_EUCSA,3654,0.0167635,3/3/2031,0.845507103
1-Mar-21,USD,EUCSA,USD_EUCSA,4020,0.0176549,3/3/2032,0.823290842
1-Mar-21,USD,EUCSA,USD_EUCSA,4385,0.0183944,3/3/2033,0.801728884
1-Mar-21,USD,EUCSA,USD_EUCSA,4750,0.0190076,3/3/2034,0.780860175
1-Mar-21,USD,EUCSA,USD_EUCSA,5117,0.019534,3/5/2035,0.760445659
1-Mar-21,USD,EUCSA,USD_EUCSA,5481,0.0199558,3/3/2036,0.741066406
1-Mar-21,USD,EUCSA,USD_EUCSA,5846,0.0202941,3/3/2037,0.72249903
1-Mar-21,USD,EUCSA,USD_EUCSA,6211,0.0205789,3/3/2038,0.704561551
1-Mar-21,USD,EUCSA,USD_EUCSA,6576,0.0208155,3/3/2039,0.687274727
1-Mar-21,USD,EUCSA,USD_EUCSA,6944,0.0210096,3/5/2040,0.670520874
1-Mar-21,USD,EUCSA,USD_EUCSA,7308,0.0211612,3/4/2041,0.65462822
1-Mar-21,USD,EUCSA,USD_EUCSA,7672,0.0212763,3/3/2042,0.639409402
1-Mar-21,USD,EUCSA,USD_EUCSA,8037,0.0213615,3/3/2043,0.624775638
1-Mar-21,USD,EUCSA,USD_EUCSA,8403,0.0214232,3/3/2044,0.6106672
1-Mar-21,USD,EUCSA,USD_EUCSA,8768,0.0214673,3/3/2045,0.597091019
1-Mar-21,USD,EUCSA,USD_EUCSA,9135,0.0215,3/5/2046,0.583862925
1-Mar-21,USD,EUCSA,USD_EUCSA,9499,0.0215243,3/4/2047,0.571116229
1-Mar-21,USD,EUCSA,USD_EUCSA,9864,0.0215369,3/3/2048,0.558764408
1-Mar-21,USD,EUCSA,USD_EUCSA,10229,0.0215335,3/3/2049,0.546911127
1-Mar-21,USD,EUCSA,USD_EUCSA,10594,0.0215115,3/3/2050,0.535602006
1-Mar-21,USD,EUCSA,USD_EUCSA,10959,0.0214698,3/3/2051,0.524860171
1-Mar-21,USD,EUCSA,USD_EUCSA,11326,0.0214115,3/4/2052,0.514581269
1-Mar-21,USD,EUCSA,USD_EUCSA,11690,0.0213419,3/3/2053,0.504834054
1-Mar-21,USD,EUCSA,USD_EUCSA,12055,0.0212609,3/3/2054,0.495497887
1-Mar-21,USD,EUCSA,USD_EUCSA,12420,0.0211692,3/3/2055,0.486590302
1-Mar-21,USD,EUCSA,USD_EUCSA,12786,0.0210668,3/3/2056,0.478082059
1-Mar-21,USD,EUCSA,USD_EUCSA,13153,0.0209543,3/5/2057,0.469963091
1-Mar-21,USD,EUCSA,USD_EUCSA,13517,0.0208332,3/4/2058,0.462312908
1-Mar-21,USD,EUCSA,USD_EUCSA,13881,0.0207031,3/3/2059,0.455052843
1-Mar-21,USD,EUCSA,USD_EUCSA,14247,0.0205637,3/3/2060,0.448135173
1-Mar-21,USD,EUCSA,USD_EUCSA,14612,0.0204163,3/3/2061,0.441612172
1-Mar-21,USD,EUCSA,USD_EUCSA,14977,0.0202612,3/3/2062,0.435449991
1-Mar-21,USD,EUCSA,USD_EUCSA,15344,0.0200991,3/5/2063,0.429586086
1-Mar-21,USD,EUCSA,USD_EUCSA,15708,0.019934,3/3/2064,0.424063539
1-Mar-21,USD,EUCSA,USD_EUCSA,16073,0.0197657,3/3/2065,0.418786187
1-Mar-21,USD,EUCSA,USD_EUCSA,16438,0.0195957,3/3/2066,0.413745417
1-Mar-21,USD,EUCSA,USD_EUCSA,16803,0.0194253,3/3/2067,0.408911855
1-Mar-21,USD,EUCSA,USD_EUCSA,17171,0.019254,3/5/2068,0.404225653
1-Mar-21,USD,EUCSA,USD_EUCSA,17535,0.0190859,3/4/2069,0.399753348
1-Mar-21,USD,EUCSA,USD_EUCSA,17899,0.01892,3/3/2070,0.395420431
1-Mar-21,USD,EUCSA,USD_EUCSA,18264,0.0187564,3/3/2071,0.391198794
1-Mar-21,USD,LIB3M,USD_LIB3M,1,0.0018677,3/2/2021,0.999994883
1-Mar-21,USD,LIB3M,USD_LIB3M,2,0.0018677,3/3/2021,0.999989766
1-Mar-21,USD,LIB3M,USD_LIB3M,3,0.0018677,3/4/2021,0.999984649
1-Mar-21,USD,LIB3M,USD_LIB3M,4,0.0018677,3/5/2021,0.999979532
1-Mar-21,USD,LIB3M,USD_LIB3M,7,0.0018677,3/8/2021,0.999964182
1-Mar-21,USD,LIB3M,USD_LIB3M,16,0.0018677,3/17/2021,0.999918132
1-Mar-21,USD,LIB3M,USD_LIB3M,23,0.0018677,3/24/2021,0.999882316
1-Mar-21,USD,LIB3M,USD_LIB3M,36,0.0018677,4/6/2021,0.999815805
1-Mar-21,USD,LIB3M,USD_LIB3M,64,0.0018677,5/4/2021,0.999672566
1-Mar-21,USD,LIB3M,USD_LIB3M,94,0.0018677,6/3/2021,0.999519119
1-Mar-21,USD,LIB3M,USD_LIB3M,127,0.0018182,7/6/2021,0.999367566
1-Mar-21,USD,LIB3M,USD_LIB3M,155,0.0017715,8/3/2021,0.999248002
1-Mar-21,USD,LIB3M,USD_LIB3M,186,0.0017466,9/3/2021,0.999110348
1-Mar-21,USD,LIB3M,USD_LIB3M,217,0.0017472,10/4/2021,0.998961793
1-Mar-21,USD,LIB3M,USD_LIB3M,247,0.0017679,11/3/2021,0.998804356
1-Mar-21,USD,LIB3M,USD_LIB3M,277,0.0017964,12/3/2021,0.998637634
1-Mar-21,USD,LIB3M,USD_LIB3M,309,0.0018264,1/4/2022,0.99845501
1-Mar-21,USD,LIB3M,USD_LIB3M,339,0.0018505,2/3/2022,0.998282793
1-Mar-21,USD,LIB3M,USD_LIB3M,367,0.0018724,3/3/2022,0.998119111
1-Mar-21,USD,LIB3M,USD_LIB3M,462,0.0019404,6/6/2022,0.997546946
1-Mar-21,USD,LIB3M,USD_LIB3M,554,0.0020149,9/6/2022,0.99694644
1-Mar-21,USD,LIB3M,USD_LIB3M,644,0.0021273,12/5/2022,0.996253662
1-Mar-21,USD,LIB3M,USD_LIB3M,732,0.0023011,3/3/2023,0.995395823
1-Mar-21,USD,LIB3M,USD_LIB3M,1099,0.003943,3/4/2024,0.988197986
1-Mar-21,USD,LIB3M,USD_LIB3M,1463,0.0062399,3/3/2025,0.975299294
1-Mar-21,USD,LIB3M,USD_LIB3M,1828,0.0083337,3/3/2026,0.959122
1-Mar-21,USD,LIB3M,USD_LIB3M,2193,0.0102583,3/3/2027,0.940226839
1-Mar-21,USD,LIB3M,USD_LIB3M,2559,0.0119125,3/3/2028,0.919874485
1-Mar-21,USD,LIB3M,USD_LIB3M,2926,0.013278,3/5/2029,0.899026949
1-Mar-21,USD,LIB3M,USD_LIB3M,3290,0.0144209,3/4/2030,0.878108035
1-Mar-21,USD,LIB3M,USD_LIB3M,3654,0.0153944,3/3/2031,0.857175407
1-Mar-21,USD,LIB3M,USD_LIB3M,4020,0.0162293,3/3/2032,0.836319452
1-Mar-21,USD,LIB3M,USD_LIB3M,4385,0.0169418,3/3/2033,0.815842727
1-Mar-21,USD,LIB3M,USD_LIB3M,4750,0.017532,3/3/2034,0.795999943
1-Mar-21,USD,LIB3M,USD_LIB3M,5117,0.0180136,3/5/2035,0.77682835
1-Mar-21,USD,LIB3M,USD_LIB3M,5481,0.0184071,3/3/2036,0.758502577
1-Mar-21,USD,LIB3M,USD_LIB3M,5846,0.0187238,3/3/2037,0.740900761
1-Mar-21,USD,LIB3M,USD_LIB3M,6211,0.0189828,3/3/2038,0.723959631
1-Mar-21,USD,LIB3M,USD_LIB3M,6576,0.0191954,3/3/2039,0.707630835
1-Mar-21,USD,LIB3M,USD_LIB3M,6944,0.0193697,3/5/2040,0.691769889
1-Mar-21,USD,LIB3M,USD_LIB3M,7308,0.0195115,3/4/2041,0.676611755
1-Mar-21,USD,LIB3M,USD_LIB3M,7672,0.0196272,3/3/2042,0.661961679
1-Mar-21,USD,LIB3M,USD_LIB3M,8037,0.0197199,3/3/2043,0.647772328
1-Mar-21,USD,LIB3M,USD_LIB3M,8403,0.0197947,3/3/2044,0.633996429
1-Mar-21,USD,LIB3M,USD_LIB3M,8768,0.0198551,3/3/2045,0.620668857
1-Mar-21,USD,LIB3M,USD_LIB3M,9135,0.0199044,3/5/2046,0.607650544
1-Mar-21,USD,LIB3M,USD_LIB3M,9499,0.0199456,3/4/2047,0.5950693
1-Mar-21,USD,LIB3M,USD_LIB3M,9864,0.0199803,3/3/2048,0.582771117
1-Mar-21,USD,LIB3M,USD_LIB3M,10229,0.0200077,3/3/2049,0.570804254
1-Mar-21,USD,LIB3M,USD_LIB3M,10594,0.0200258,3/3/2050,0.559203412
1-Mar-21,USD,LIB3M,USD_LIB3M,10959,0.0200308,3/3/2051,0.548034022
1-Mar-21,USD,LIB3M,USD_LIB3M,11326,0.0200191,3/4/2052,0.537301755
1-Mar-21,USD,LIB3M,USD_LIB3M,11690,0.0199902,3/3/2053,0.527169012
1-Mar-21,USD,LIB3M,USD_LIB3M,12055,0.0199449,3/3/2054,0.517509118
1-Mar-21,USD,LIB3M,USD_LIB3M,12420,0.019884,3/3/2055,0.508342032
1-Mar-21,USD,LIB3M,USD_LIB3M,12786,0.0198084,3/3/2056,0.499628246
1-Mar-21,USD,LIB3M,USD_LIB3M,13153,0.01972,3/5/2057,0.491338315
1-Mar-21,USD,LIB3M,USD_LIB3M,13517,0.0196203,3/4/2058,0.48355213
1-Mar-21,USD,LIB3M,USD_LIB3M,13881,0.0195105,3/3/2059,0.476166837
1-Mar-21,USD,LIB3M,USD_LIB3M,14247,0.019394,3/3/2060,0.469069839
1-Mar-21,USD,LIB3M,USD_LIB3M,14612,0.0192716,3/3/2061,0.462320185
1-Mar-21,USD,LIB3M,USD_LIB3M,14977,0.0191459,3/3/2062,0.455840936
1-Mar-21,USD,LIB3M,USD_LIB3M,15344,0.0190186,3/5/2063,0.449548883
1-Mar-21,USD,LIB3M,USD_LIB3M,15708,0.0188903,3/3/2064,0.443545138
1-Mar-21,USD,LIB3M,USD_LIB3M,16073,0.0187646,3/3/2065,0.437660962
1-Mar-21,USD,LIB3M,USD_LIB3M,16438,0.0186411,3/3/2066,0.431920632
1-Mar-21,USD,LIB3M,USD_LIB3M,16803,0.0185202,3/3/2067,0.426309861
1-Mar-21,USD,LIB3M,USD_LIB3M,17171,0.0184024,3/5/2068,0.420748723
1-Mar-21,USD,LIB3M,USD_LIB3M,17535,0.0182885,3/4/2069,0.415364188
1-Mar-21,USD,LIB3M,USD_LIB3M,17899,0.0181778,3/3/2070,0.41007737
1-Mar-21,USD,LIB3M,USD_LIB3M,18264,0.0180718,3/3/2071,0.404831979
1-Mar-21,USD,SOFR,USD_SOFR,1,0.00010139,3/2/2021,0.999999722
1-Mar-21,USD,SOFR,USD_SOFR,2,0.00011422,3/3/2021,0.999999374
1-Mar-21,USD,SOFR,USD_SOFR,3,0.0001268,3/4/2021,0.999998958
1-Mar-21,USD,SOFR,USD_SOFR,4,0.00013889,3/5/2021,0.999998478
1-Mar-21,USD,SOFR,USD_SOFR,7,0.00016966,3/8/2021,0.999996746
1-Mar-21,USD,SOFR,USD_SOFR,16,0.00019171,3/17/2021,0.999991596
1-Mar-21,USD,SOFR,USD_SOFR,23,0.00024136,3/24/2021,0.999984791
1-Mar-21,USD,SOFR,USD_SOFR,35,0.00031243,4/5/2021,0.999970041
1-Mar-21,USD,SOFR,USD_SOFR,63,0.00037666,5/3/2021,0.99993499
1-Mar-21,USD,SOFR,USD_SOFR,94,0.0004162,6/3/2021,0.99989282
1-Mar-21,USD,SOFR,USD_SOFR,127,0.00044876,7/6/2021,0.999843868
1-Mar-21,USD,SOFR,USD_SOFR,155,0.00048268,8/3/2021,0.999795047
1-Mar-21,USD,SOFR,USD_SOFR,186,0.00050762,9/3/2021,0.999741356
1-Mar-21,USD,SOFR,USD_SOFR,217,0.0005326,10/4/2021,0.999683408
1-Mar-21,USD,SOFR,USD_SOFR,247,0.00055582,11/3/2021,0.99962394
1-Mar-21,USD,SOFR,USD_SOFR,277,0.00057636,12/3/2021,0.999562694
1-Mar-21,USD,SOFR,USD_SOFR,308,0.0005934,1/3/2022,0.999499393
1-Mar-21,USD,SOFR,USD_SOFR,339,0.00060763,2/3/2022,0.999435812
1-Mar-21,USD,SOFR,USD_SOFR,367,0.00062042,3/3/2022,0.999376375
1-Mar-21,USD,SOFR,USD_SOFR,459,0.00063315,6/3/2022,0.999204109
1-Mar-21,USD,SOFR,USD_SOFR,554,0.00070641,9/6/2022,0.99892838
1-Mar-21,USD,SOFR,USD_SOFR,644,0.00079545,12/5/2022,0.998597506
1-Mar-21,USD,SOFR,USD_SOFR,732,0.00098263,3/3/2023,0.998031296
1-Mar-21,USD,SOFR,USD_SOFR,1099,0.0023504,3/4/2024,0.992948025
1-Mar-21,USD,SOFR,USD_SOFR,1463,0.0043617,3/3/2025,0.982669285
1-Mar-21,USD,SOFR,USD_SOFR,1828,0.006316,3/3/2026,0.968863143
1-Mar-21,USD,SOFR,USD_SOFR,2193,0.0081499,3/3/2027,0.952213137
1-Mar-21,USD,SOFR,USD_SOFR,2559,0.0097061,3/3/2028,0.934214632
1-Mar-21,USD,SOFR,USD_SOFR,2926,0.0110376,3/5/2029,0.915319367
1-Mar-21,USD,SOFR,USD_SOFR,3290,0.0121349,3/4/2030,0.896389428
1-Mar-21,USD,SOFR,USD_SOFR,3654,0.0130459,3/3/2031,0.877567004
1-Mar-21,USD,SOFR,USD_SOFR,4020,0.0138559,3/3/2032,0.858469002
1-Mar-21,USD,SOFR,USD_SOFR,4385,0.0145209,3/3/2033,0.839919087
1-Mar-21,USD,SOFR,USD_SOFR,4750,0.0150773,3/3/2034,0.821838448
1-Mar-21,USD,SOFR,USD_SOFR,5117,0.0155464,3/5/2035,0.804167458
1-Mar-21,USD,SOFR,USD_SOFR,5481,0.0159062,3/3/2036,0.787529482
1-Mar-21,USD,SOFR,USD_SOFR,5846,0.0161876,3/3/2037,0.771616436
1-Mar-21,USD,SOFR,USD_SOFR,6211,0.0164283,3/3/2038,0.756123048
1-Mar-21,USD,SOFR,USD_SOFR,6576,0.0166317,3/3/2039,0.741082001
1-Mar-21,USD,SOFR,USD_SOFR,6944,0.016802,3/5/2040,0.726401566
1-Mar-21,USD,SOFR,USD_SOFR,7308,0.0169393,3/4/2041,0.712370404
1-Mar-21,USD,SOFR,USD_SOFR,7672,0.0170489,3/3/2042,0.698825741
1-Mar-21,USD,SOFR,USD_SOFR,8037,0.0171344,3/3/2043,0.685720338
1-Mar-21,USD,SOFR,USD_SOFR,8403,0.0171988,3/3/2044,0.673040778
1-Mar-21,USD,SOFR,USD_SOFR,8768,0.0172452,3/3/2045,0.660827278
1-Mar-21,USD,SOFR,USD_SOFR,9135,0.0172774,3/5/2046,0.648944324
1-Mar-21,USD,SOFR,USD_SOFR,9499,0.0172984,3/4/2047,0.637510242
1-Mar-21,USD,SOFR,USD_SOFR,9864,0.0173123,3/3/2048,0.626341845
1-Mar-21,USD,SOFR,USD_SOFR,10229,0.0173232,3/3/2049,0.615403735
1-Mar-21,USD,SOFR,USD_SOFR,10594,0.0173349,3/3/2050,0.604629421
1-Mar-21,USD,SOFR,USD_SOFR,10959,0.0173513,3/3/2051,0.593946019
1-Mar-21,USD,SOFR,USD_SOFR,11326,0.017372,3/4/2052,0.583298895
1-Mar-21,USD,SOFR,USD_SOFR,11690,0.0173944,3/3/2053,0.572869487
1-Mar-21,USD,SOFR,USD_SOFR,12055,0.0174202,3/3/2054,0.562511407
1-Mar-21,USD,SOFR,USD_SOFR,12420,0.0174509,3/3/2055,0.55222003
1-Mar-21,USD,SOFR,USD_SOFR,12786,0.0174879,3/3/2056,0.541938077
1-Mar-21,USD,SOFR,USD_SOFR,13153,0.0175325,3/5/2057,0.531636951
1-Mar-21,USD,SOFR,USD_SOFR,13517,0.0175842,3/4/2058,0.521423081
1-Mar-21,USD,SOFR,USD_SOFR,13881,0.0176429,3/3/2059,0.5112166
1-Mar-21,USD,SOFR,USD_SOFR,14247,0.0177087,3/3/2060,0.500963766
1-Mar-21,USD,SOFR,USD_SOFR,14612,0.0177808,3/3/2061,0.4907519
1-Mar-21,USD,SOFR,USD_SOFR,14977,0.017859,3/3/2062,0.480558579
1-Mar-21,USD,SOFR,USD_SOFR,15344,0.0179434,3/5/2063,0.470334545
1-Mar-21,USD,SOFR,USD_SOFR,15708,0.0180329,3/3/2064,0.460217089
1-Mar-21,USD,SOFR,USD_SOFR,16073,0.0181279,3/3/2065,0.450105513
1-Mar-21,USD,SOFR,USD_SOFR,16438,0.0182281,3/3/2066,0.440029407
1-Mar-21,USD,SOFR,USD_SOFR,16803,0.0183331,3/3/2067,0.42999764
1-Mar-21,USD,SOFR,USD_SOFR,17171,0.0184429,3/5/2068,0.419947844
1-Mar-21,USD,SOFR,USD_SOFR,17535,0.0185545,3/4/2069,0.410090048
1-Mar-21,USD,SOFR,USD_SOFR,17899,0.0186681,3/3/2070,0.400335258
1-Mar-21,USD,SOFR,USD_SOFR,18264,0.0187829,3/3/2071,0.390680402
1-Mar-21,USD,USCSA,USD_USCSA,1,0.00070972,3/2/2021,0.999998056
1-Mar-21,USD,USCSA,USD_USCSA,2,0.00071016,3/3/2021,0.999996109
1-Mar-21,USD,USCSA,USD_USCSA,3,0.0007106,3/4/2021,0.999994159
1-Mar-21,USD,USCSA,USD_USCSA,4,0.00071104,3/5/2021,0.999992208
1-Mar-21,USD,USCSA,USD_USCSA,7,0.00071238,3/8/2021,0.999986338
1-Mar-21,USD,USCSA,USD_USCSA,16,0.00071668,3/17/2021,0.999968584
1-Mar-21,USD,USCSA,USD_USCSA,23,0.00072053,3/24/2021,0.999954598
1-Mar-21,USD,USCSA,USD_USCSA,35,0.00072884,4/5/2021,0.999930114
1-Mar-21,USD,USCSA,USD_USCSA,63,0.00075877,5/3/2021,0.999869043
1-Mar-21,USD,USCSA,USD_USCSA,94,0.00078904,6/3/2021,0.999796816
1-Mar-21,USD,USCSA,USD_USCSA,126,0.00080874,7/5/2021,0.999720857
1-Mar-21,USD,USCSA,USD_USCSA,155,0.00082968,8/3/2021,0.999647732
1-Mar-21,USD,USCSA,USD_USCSA,186,0.00083994,9/3/2021,0.999572067
1-Mar-21,USD,USCSA,USD_USCSA,217,0.00085015,10/4/2021,0.999494696
1-Mar-21,USD,USCSA,USD_USCSA,247,0.00086033,11/3/2021,0.999417974
1-Mar-21,USD,USCSA,USD_USCSA,277,0.00087049,12/3/2021,0.9993396
1-Mar-21,USD,USCSA,USD_USCSA,308,0.00088064,1/3/2022,0.999257161
1-Mar-21,USD,USCSA,USD_USCSA,339,0.00089078,2/3/2022,0.999173015
1-Mar-21,USD,USCSA,USD_USCSA,367,0.00090091,3/3/2022,0.999094564
1-Mar-21,USD,USCSA,USD_USCSA,459,0.00090118,6/3/2022,0.998867377
1-Mar-21,USD,USCSA,USD_USCSA,553,0.00096098,9/5/2022,0.998545109
1-Mar-21,USD,USCSA,USD_USCSA,644,0.0010631,12/5/2022,0.998126042
1-Mar-21,USD,USCSA,USD_USCSA,732,0.0012248,3/3/2023,0.997546703
1-Mar-21,USD,USCSA,USD_USCSA,1099,0.0026044,3/4/2024,0.992188925
1-Mar-21,USD,USCSA,USD_USCSA,1463,0.0046153,3/3/2025,0.981670925
1-Mar-21,USD,USCSA,USD_USCSA,1828,0.0065828,3/3/2026,0.96756942
1-Mar-21,USD,USCSA,USD_USCSA,2193,0.0084424,3/3/2027,0.950541184
1-Mar-21,USD,USCSA,USD_USCSA,2559,0.0100246,3/3/2028,0.932130867
1-Mar-21,USD,USCSA,USD_USCSA,2926,0.0113685,3/5/2029,0.912894572
1-Mar-21,USD,USCSA,USD_USCSA,3290,0.0124795,3/4/2030,0.893609454
1-Mar-21,USD,USCSA,USD_USCSA,3654,0.0134173,3/3/2031,0.874310207
1-Mar-21,USD,USCSA,USD_USCSA,4020,0.0142401,3/3/2032,0.854844097
1-Mar-21,USD,USCSA,USD_USCSA,4385,0.0149471,3/3/2033,0.835629493
1-Mar-21,USD,USCSA,USD_USCSA,4750,0.0155318,3/3/2034,0.816991846
1-Mar-21,USD,USCSA,USD_USCSA,5117,0.0160233,3/5/2035,0.798808932
1-Mar-21,USD,USCSA,USD_USCSA,5481,0.0164008,3/3/2036,0.781702065
1-Mar-21,USD,USCSA,USD_USCSA,5846,0.0166975,3/3/2037,0.765340475
1-Mar-21,USD,USCSA,USD_USCSA,6211,0.0169528,3/3/2038,0.749404584
1-Mar-21,USD,USCSA,USD_USCSA,6576,0.01717,3/3/2039,0.733929542
1-Mar-21,USD,USCSA,USD_USCSA,6944,0.0173538,3/5/2040,0.71881583
1-Mar-21,USD,USCSA,USD_USCSA,7308,0.0175044,3/4/2041,0.704355796
1-Mar-21,USD,USCSA,USD_USCSA,7672,0.0176273,3/3/2042,0.690381209
1-Mar-21,USD,USCSA,USD_USCSA,8037,0.0177256,3/3/2043,0.676851661
1-Mar-21,USD,USCSA,USD_USCSA,8403,0.0178021,3/3/2044,0.66375745
1-Mar-21,USD,USCSA,USD_USCSA,8768,0.0178591,3/3/2045,0.651153527
1-Mar-21,USD,USCSA,USD_USCSA,9135,0.0179,3/5/2046,0.638910811
1-Mar-21,USD,USCSA,USD_USCSA,9499,0.0179275,3/4/2047,0.62715783
1-Mar-21,USD,USCSA,USD_USCSA,9864,0.0179466,3/3/2048,0.615696754
1-Mar-21,USD,USCSA,USD_USCSA,10229,0.017962,3/3/2049,0.604484713
1-Mar-21,USD,USCSA,USD_USCSA,10594,0.0179787,3/3/2050,0.593436175
1-Mar-21,USD,USCSA,USD_USCSA,10959,0.0180017,3/3/2051,0.582459935
1-Mar-21,USD,USCSA,USD_USCSA,11326,0.018031,3/4/2052,0.571492225
1-Mar-21,USD,USCSA,USD_USCSA,11690,0.0180633,3/3/2053,0.560727358
1-Mar-21,USD,USCSA,USD_USCSA,12055,0.0180993,3/3/2054,0.550035327
1-Mar-21,USD,USCSA,USD_USCSA,12420,0.0181394,3/3/2055,0.539433065
1-Mar-21,USD,USCSA,USD_USCSA,12786,0.0181841,3/3/2056,0.528881165
1-Mar-21,USD,USCSA,USD_USCSA,13153,0.018234,3/5/2057,0.518366152
1-Mar-21,USD,USCSA,USD_USCSA,13517,0.0182888,3/4/2058,0.507993374
1-Mar-21,USD,USCSA,USD_USCSA,13881,0.0183495,3/3/2059,0.497662074
1-Mar-21,USD,USCSA,USD_USCSA,14247,0.0184167,3/3/2060,0.487309039
1-Mar-21,USD,USCSA,USD_USCSA,14612,0.0184905,3/3/2061,0.47700519
1-Mar-21,USD,USCSA,USD_USCSA,14977,0.0185713,3/3/2062,0.466716224
1-Mar-21,USD,USCSA,USD_USCSA,15344,0.0186589,3/5/2063,0.456398255
1-Mar-21,USD,USCSA,USD_USCSA,15708,0.0187515,3/3/2064,0.446202514
1-Mar-21,USD,USCSA,USD_USCSA,16073,0.0188494,3/3/2065,0.436029687
1-Mar-21,USD,USCSA,USD_USCSA,16438,0.0189516,3/3/2066,0.425922877
1-Mar-21,USD,USCSA,USD_USCSA,16803,0.0190573,3/3/2067,0.415898286
1-Mar-21,USD,USCSA,USD_USCSA,17171,0.0191668,3/5/2068,0.405887282
1-Mar-21,USD,USCSA,USD_USCSA,17535,0.0192772,3/4/2069,0.39609634
1-Mar-21,USD,USCSA,USD_USCSA,17899,0.0193891,3/3/2070,0.386428048
1-Mar-21,USD,USCSA,USD_USCSA,18264,0.0195019,3/3/2071,0.376874508
